key,user_transaction_time,channel,transaction_risk_score,processing_type,cc_amount,ledger_balance,cc_acceptor_state,acceptor_state,cardholder_presence,card_presence,partial_approval_capable,pin_present,cc_acceptor_country
086d3a9e-1df1-45bd-a209-e315629d8bde,2019-09-01T05:33:27Z,ECOMMERCE,97,MANUAL,136.14,0.00,,,0,0,0,false,AE
bc05a834-08ea-4a03-84e5-eec25566c079,2021-01-14T16:41:11Z,ECOMMERCE,9,CARD_ON_FILE,37.98,2405.19,CA,06,0,0,0,false,US
bc05a834-08ea-4a03-84e5-eec25566c079,2021-01-14T16:41:11Z,ECOMMERCE,9,CARD_ON_FILE,37.98,2405.19,CA,06,0,0,0,false,US
bc05a834-08ea-4a03-84e5-eec25566c079,2021-01-14T16:41:11Z,ECOMMERCE,9,CARD_ON_FILE,37.98,2405.19,CA,06,0,0,0,false,US
bc05a834-08ea-4a03-84e5-eec25566c079,2021-01-14T16:41:11Z,ECOMMERCE,9,CARD_ON_FILE,37.98,2405.19,CA,06,0,0,0,false,US
bc05a834-08ea-4a03-84e5-eec25566c079,2021-01-14T16:41:11Z,ECOMMERCE,9,CARD_ON_FILE,37.98,2405.19,CA,06,0,0,0,false,US
bc05a834-08ea-4a03-84e5-eec25566c079,2021-01-14T16:41:11Z,ECOMMERCE,9,CARD_ON_FILE,37.98,2405.19,CA,06,0,0,0,false,US
a2f2b0e0-2a74-4f43-a3bd-4b39d8819d1d,2020-07-12T23:47:08Z,ECOMMERCE,9,MANUAL,28.05,5786.84,GA,13,0,0,1,false,US
bb197ed6-911a-46c6-be84-fdad80feb3dc,2020-07-10T18:49:09Z,ECOMMERCE,9,MANUAL,27.27,3887.34,GA,13,0,0,1,false,US
1fd87d9e-52c0-4aac-86a8-e6fb304476e9,2020-07-12T04:51:02Z,ECOMMERCE,9,MANUAL,27.59,4570.65,GA,13,0,0,1,false,US
2d459172-f42e-4b30-97ce-4f1ae6d7000e,2020-07-12T16:33:33Z,ECOMMERCE,9,MANUAL,25.97,3808.04,GA,13,0,0,1,false,US
e6b26958-6169-4aa0-bed4-4813f69d3de4,2020-07-12T16:37:33Z,ECOMMERCE,9,MANUAL,27.79,5203.95,GA,13,0,0,1,false,US
c9d20191-9706-4ba4-8621-07c5680c8267,2020-07-10T18:35:38Z,ECOMMERCE,9,MANUAL,27.82,5425.01,GA,13,0,0,1,false,US
01618f0b-259e-4023-b38f-2c31d77358ca,2020-07-10T18:57:09Z,ECOMMERCE,9,MANUAL,27.59,4707.49,GA,13,0,0,1,false,US
251a003c-bcb5-440d-8fff-4c2fad3e09c1,2020-07-13T03:15:05Z,ECOMMERCE,9,MANUAL,27.79,5038.47,GA,13,0,0,1,false,US
67c1eaba-a039-4dc0-8caf-7ccc73802353,2018-12-25T12:08:10Z,ECOMMERCE,86,MANUAL,195.0,2100.96,NJ,34,0,0,0,false,US
67c1eaba-a039-4dc0-8caf-7ccc73802353,2018-12-25T12:08:10Z,ECOMMERCE,86,MANUAL,195.0,2100.96,NJ,34,0,0,0,false,US
67c1eaba-a039-4dc0-8caf-7ccc73802353,2018-12-25T12:08:10Z,ECOMMERCE,86,MANUAL,195.0,2100.96,NJ,34,0,0,0,false,US
67c1eaba-a039-4dc0-8caf-7ccc73802353,2018-12-25T12:08:10Z,ECOMMERCE,86,MANUAL,195.0,2100.96,NJ,34,0,0,0,false,US
67c1eaba-a039-4dc0-8caf-7ccc73802353,2018-12-25T12:08:10Z,ECOMMERCE,86,MANUAL,195.0,2100.96,NJ,34,0,0,0,false,US
6140adf6-19d0-4fd6-bc9b-6ff49d92d646,2018-12-25T11:47:33Z,ECOMMERCE,83,MANUAL,195.0,2295.96,NJ,34,0,0,0,false,US
6dbe5507-bc24-433d-84af-e36280f581af,2018-12-25T11:33:52Z,ECOMMERCE,83,MANUAL,195.0,2490.96,NJ,34,0,0,0,false,US
6140adf6-19d0-4fd6-bc9b-6ff49d92d646,2018-12-25T11:47:33Z,ECOMMERCE,83,MANUAL,195.0,2295.96,NJ,34,0,0,0,false,US
6dbe5507-bc24-433d-84af-e36280f581af,2018-12-25T11:33:52Z,ECOMMERCE,83,MANUAL,195.0,2490.96,NJ,34,0,0,0,false,US
6140adf6-19d0-4fd6-bc9b-6ff49d92d646,2018-12-25T11:47:33Z,ECOMMERCE,83,MANUAL,195.0,2295.96,NJ,34,0,0,0,false,US
6dbe5507-bc24-433d-84af-e36280f581af,2018-12-25T11:33:52Z,ECOMMERCE,83,MANUAL,195.0,2490.96,NJ,34,0,0,0,false,US
6140adf6-19d0-4fd6-bc9b-6ff49d92d646,2018-12-25T11:47:33Z,ECOMMERCE,83,MANUAL,195.0,2295.96,NJ,34,0,0,0,false,US
6dbe5507-bc24-433d-84af-e36280f581af,2018-12-25T11:33:52Z,ECOMMERCE,83,MANUAL,195.0,2490.96,NJ,34,0,0,0,false,US
6140adf6-19d0-4fd6-bc9b-6ff49d92d646,2018-12-25T11:47:33Z,ECOMMERCE,83,MANUAL,195.0,2295.96,NJ,34,0,0,0,false,US
6dbe5507-bc24-433d-84af-e36280f581af,2018-12-25T11:33:52Z,ECOMMERCE,83,MANUAL,195.0,2490.96,NJ,34,0,0,0,false,US
836cb240-4af8-450c-bbba-7e9c2d9c964e,2020-09-19T17:37:57Z,ECOMMERCE,8,MANUAL,89.98,8740.25,IL,17,0,0,0,false,US
22138d88-1cdf-43a1-9b70-faa59930e52a,2021-01-09T19:39:34Z,ECOMMERCE,8,CARD_ON_FILE,19.99,2748.98,CA,06,0,0,0,false,US
22138d88-1cdf-43a1-9b70-faa59930e52a,2021-01-09T19:39:34Z,ECOMMERCE,8,CARD_ON_FILE,19.99,2748.98,CA,06,0,0,0,false,US
22138d88-1cdf-43a1-9b70-faa59930e52a,2021-01-09T19:39:34Z,ECOMMERCE,8,CARD_ON_FILE,19.99,2748.98,CA,06,0,0,0,false,US
22138d88-1cdf-43a1-9b70-faa59930e52a,2021-01-09T19:39:34Z,ECOMMERCE,8,CARD_ON_FILE,19.99,2748.98,CA,06,0,0,0,false,US
13791903-e942-4488-90f2-58a5cceae3a7,2020-07-12T20:16:24Z,ECOMMERCE,8,MANUAL,27.79,5231.74,GA,13,0,0,1,false,US
f59d82e4-3609-4465-83cb-be2182fed4ab,2020-07-12T16:31:14Z,ECOMMERCE,8,MANUAL,27.79,5148.37,GA,13,0,0,1,false,US
ece0cddd-5f14-45a6-9360-b2368f044bda,2020-07-12T03:53:33Z,ECOMMERCE,8,MANUAL,27.59,4516.22,GA,13,0,0,1,false,US
3a6d8c78-8955-4baa-9bfb-391f9852f6b4,2020-07-12T23:55:06Z,ECOMMERCE,8,MANUAL,28.21,6038.59,GA,13,0,0,1,false,US
5c966e6b-c2af-4f11-bc11-95b0194f4a70,2020-07-12T04:03:01Z,ECOMMERCE,8,MANUAL,27.79,5010.68,GA,13,0,0,1,false,US
c27536a0-289b-449c-bedf-cf3c1b5c25f1,2020-07-13T04:30:17Z,ECOMMERCE,8,MANUAL,27.53,4242.72,GA,13,0,0,1,false,US
e9344932-6254-46db-91b9-2751be2c4f63,2020-07-12T16:35:10Z,ECOMMERCE,8,MANUAL,27.92,5619.69,GA,13,0,0,1,false,US
9f4075aa-f592-4d11-a95d-ad2ab8bfb449,2020-07-12T04:19:50Z,ECOMMERCE,8,MANUAL,28.37,6207.62,GA,13,0,0,1,false,US
3a95d736-506b-487a-b1dd-3c1bca2dd7ca,2020-07-13T03:09:53Z,ECOMMERCE,8,MANUAL,27.59,4652.68,GA,13,0,0,1,false,US
48b87511-3858-4ab0-bc5e-d3fd35dbfce4,2018-12-25T14:02:12Z,ECOMMERCE,78,MANUAL,195.0,1905.96,NJ,34,0,0,0,false,US
48b87511-3858-4ab0-bc5e-d3fd35dbfce4,2018-12-25T14:02:12Z,ECOMMERCE,78,MANUAL,195.0,1905.96,NJ,34,0,0,0,false,US
48b87511-3858-4ab0-bc5e-d3fd35dbfce4,2018-12-25T14:02:12Z,ECOMMERCE,78,MANUAL,195.0,1905.96,NJ,34,0,0,0,false,US
48b87511-3858-4ab0-bc5e-d3fd35dbfce4,2018-12-25T14:02:12Z,ECOMMERCE,78,MANUAL,195.0,1905.96,NJ,34,0,0,0,false,US
48b87511-3858-4ab0-bc5e-d3fd35dbfce4,2018-12-25T14:02:12Z,ECOMMERCE,78,MANUAL,195.0,1905.96,NJ,34,0,0,0,false,US
a66f0716-aeb8-48db-92ea-4d14964d921c,2018-12-25T22:39:06Z,ECOMMERCE,76,MANUAL,195.0,1710.96,NJ,34,0,0,0,false,US
a66f0716-aeb8-48db-92ea-4d14964d921c,2018-12-25T22:39:06Z,ECOMMERCE,76,MANUAL,195.0,1710.96,NJ,34,0,0,0,false,US
a66f0716-aeb8-48db-92ea-4d14964d921c,2018-12-25T22:39:06Z,ECOMMERCE,76,MANUAL,195.0,1710.96,NJ,34,0,0,0,false,US
a66f0716-aeb8-48db-92ea-4d14964d921c,2018-12-25T22:39:06Z,ECOMMERCE,76,MANUAL,195.0,1710.96,NJ,34,0,0,0,false,US
a66f0716-aeb8-48db-92ea-4d14964d921c,2018-12-25T22:39:06Z,ECOMMERCE,76,MANUAL,195.0,1710.96,NJ,34,0,0,0,false,US
decfdccf-8bf1-4a7b-9d4f-3ae377f8d2dd,2020-01-31T05:40:54Z,OTHER,75,MANUAL,1012.46,14.88,CA,06,1,1,0,false,US
8fd87be2-a05c-4d89-9999-422575bcc544,2019-01-16T11:49:48Z,ECOMMERCE,74,MANUAL,1244.99,0.00,,,0,0,0,false,CH
c507f7d4-84de-4075-9922-ffbe2ec28b30,2021-01-24T14:11:10Z,ECOMMERCE,7,CARD_ON_FILE,27.98,3780.56,CA,06,0,0,0,false,US
e156e273-9be3-45cb-9776-e32df0be252a,2021-01-24T15:45:45Z,ECOMMERCE,7,CARD_ON_FILE,19.99,3760.57,CA,06,0,0,0,false,US
c507f7d4-84de-4075-9922-ffbe2ec28b30,2021-01-24T14:11:10Z,ECOMMERCE,7,CARD_ON_FILE,27.98,3780.56,CA,06,0,0,0,false,US
e156e273-9be3-45cb-9776-e32df0be252a,2021-01-24T15:45:45Z,ECOMMERCE,7,CARD_ON_FILE,19.99,3760.57,CA,06,0,0,0,false,US
c507f7d4-84de-4075-9922-ffbe2ec28b30,2021-01-24T14:11:10Z,ECOMMERCE,7,CARD_ON_FILE,27.98,3780.56,CA,06,0,0,0,false,US
e156e273-9be3-45cb-9776-e32df0be252a,2021-01-24T15:45:45Z,ECOMMERCE,7,CARD_ON_FILE,19.99,3760.57,CA,06,0,0,0,false,US
c507f7d4-84de-4075-9922-ffbe2ec28b30,2021-01-24T14:11:10Z,ECOMMERCE,7,CARD_ON_FILE,27.98,3780.56,CA,06,0,0,0,false,US
e156e273-9be3-45cb-9776-e32df0be252a,2021-01-24T15:45:45Z,ECOMMERCE,7,CARD_ON_FILE,19.99,3760.57,CA,06,0,0,0,false,US
c507f7d4-84de-4075-9922-ffbe2ec28b30,2021-01-24T14:11:10Z,ECOMMERCE,7,CARD_ON_FILE,27.98,3780.56,CA,06,0,0,0,false,US
e156e273-9be3-45cb-9776-e32df0be252a,2021-01-24T15:45:45Z,ECOMMERCE,7,CARD_ON_FILE,19.99,3760.57,CA,06,0,0,0,false,US
c507f7d4-84de-4075-9922-ffbe2ec28b30,2021-01-24T14:11:10Z,ECOMMERCE,7,CARD_ON_FILE,27.98,3780.56,CA,06,0,0,0,false,US
e156e273-9be3-45cb-9776-e32df0be252a,2021-01-24T15:45:45Z,ECOMMERCE,7,CARD_ON_FILE,19.99,3760.57,CA,06,0,0,0,false,US
c507f7d4-84de-4075-9922-ffbe2ec28b30,2021-01-24T14:11:10Z,ECOMMERCE,7,CARD_ON_FILE,27.98,3780.56,CA,06,0,0,0,false,US
e156e273-9be3-45cb-9776-e32df0be252a,2021-01-24T15:45:45Z,ECOMMERCE,7,CARD_ON_FILE,19.99,3760.57,CA,06,0,0,0,false,US
7d797562-7e65-45b9-bb3d-b5efbd6e6dc0,2020-09-19T16:15:56Z,ECOMMERCE,7,MANUAL,96.95,8454.89,IL,17,0,0,0,false,US
0d3b1a36-0e91-4c31-8357-9ba8b675c12e,2021-01-17T08:16:53Z,ECOMMERCE,7,CARD_ON_FILE,19.98,2492.78,CA,06,0,0,0,false,US
0d3b1a36-0e91-4c31-8357-9ba8b675c12e,2021-01-17T08:16:53Z,ECOMMERCE,7,CARD_ON_FILE,19.98,2492.78,CA,06,0,0,0,false,US
0d3b1a36-0e91-4c31-8357-9ba8b675c12e,2021-01-17T08:16:53Z,ECOMMERCE,7,CARD_ON_FILE,19.98,2492.78,CA,06,0,0,0,false,US
5c991267-bf87-4426-b7e9-d8af09130963,2020-07-12T23:57:34Z,ECOMMERCE,7,MANUAL,27.98,5647.61,GA,13,0,0,1,false,US
572de839-d3b2-4694-a01f-2fee82476da0,2020-07-13T00:02:42Z,ECOMMERCE,7,MANUAL,27.79,5286.9,GA,13,0,0,1,false,US
3aeefa7e-23dd-4ed7-8954-62ee3caaa993,2018-12-25T12:30:50Z,ECOMMERCE,64,MANUAL,220.0,1270.96,NJ,34,0,0,0,false,US
3aeefa7e-23dd-4ed7-8954-62ee3caaa993,2018-12-25T12:30:50Z,ECOMMERCE,64,MANUAL,220.0,1270.96,NJ,34,0,0,0,false,US
3aeefa7e-23dd-4ed7-8954-62ee3caaa993,2018-12-25T12:30:50Z,ECOMMERCE,64,MANUAL,220.0,1270.96,NJ,34,0,0,0,false,US
0a62c4fa-042f-4679-a925-97281edbd3fd,2018-12-25T12:22:59Z,ECOMMERCE,61,MANUAL,220.0,1050.96,NJ,34,0,0,0,false,US
0a62c4fa-042f-4679-a925-97281edbd3fd,2018-12-25T12:22:59Z,ECOMMERCE,61,MANUAL,220.0,1050.96,NJ,34,0,0,0,false,US
0a62c4fa-042f-4679-a925-97281edbd3fd,2018-12-25T12:22:59Z,ECOMMERCE,61,MANUAL,220.0,1050.96,NJ,34,0,0,0,false,US
d3518451-5161-4031-9e1f-696dd8f2dadf,2021-01-11T16:24:16Z,ECOMMERCE,6,CARD_ON_FILE,34.99,2586.23,CA,06,0,0,0,false,US
d3518451-5161-4031-9e1f-696dd8f2dadf,2021-01-11T16:24:16Z,ECOMMERCE,6,CARD_ON_FILE,34.99,2586.23,CA,06,0,0,0,false,US
ca9cd1c8-7313-4861-ab43-5bfc6ede2df7,2021-01-21T00:40:28Z,ECOMMERCE,6,CARD_ON_FILE,34.98,2946.42,CA,06,0,0,0,false,US
ca9cd1c8-7313-4861-ab43-5bfc6ede2df7,2021-01-21T00:40:28Z,ECOMMERCE,6,CARD_ON_FILE,34.98,2946.42,CA,06,0,0,0,false,US
ca9cd1c8-7313-4861-ab43-5bfc6ede2df7,2021-01-21T00:40:28Z,ECOMMERCE,6,CARD_ON_FILE,34.98,2946.42,CA,06,0,0,0,false,US
ca9cd1c8-7313-4861-ab43-5bfc6ede2df7,2021-01-21T00:40:28Z,ECOMMERCE,6,CARD_ON_FILE,34.98,2946.42,CA,06,0,0,0,false,US
ca9cd1c8-7313-4861-ab43-5bfc6ede2df7,2021-01-21T00:40:28Z,ECOMMERCE,6,CARD_ON_FILE,34.98,2946.42,CA,06,0,0,0,false,US
e465a545-525f-4ea6-9d9f-5208e75cf102,2020-07-12T20:25:40Z,ECOMMERCE,6,MANUAL,27.53,4461.52,GA,13,0,0,1,false,US
a4fffd03-b6e4-4d42-99a1-a3e13a658e40,2020-07-12T14:55:04Z,ECOMMERCE,6,MANUAL,27.79,5314.69,GA,13,0,0,1,false,US
f46cdc26-f9ad-4098-b1ef-04fea551bb9e,2020-07-12T14:53:33Z,ECOMMERCE,6,MANUAL,27.53,4406.82,GA,13,0,0,1,false,US
fc24e7ad-3bb2-4673-8b31-66911cbc9c4c,2021-01-05T23:09:05Z,ECOMMERCE,6,CARD_ON_FILE,35.03,30232.78,MA,25,0,0,0,false,US
ee827ba5-cce6-40a3-82a9-fbd55184503f,2018-12-23T19:21:11Z,ECOMMERCE,59,MANUAL,220.0,1988.95,NJ,34,0,0,0,false,US
ee827ba5-cce6-40a3-82a9-fbd55184503f,2018-12-23T19:21:11Z,ECOMMERCE,59,MANUAL,220.0,1988.95,NJ,34,0,0,0,false,US
ee827ba5-cce6-40a3-82a9-fbd55184503f,2018-12-23T19:21:11Z,ECOMMERCE,59,MANUAL,220.0,1988.95,NJ,34,0,0,0,false,US
ee827ba5-cce6-40a3-82a9-fbd55184503f,2018-12-23T19:21:11Z,ECOMMERCE,59,MANUAL,220.0,1988.95,NJ,34,0,0,0,false,US
ee827ba5-cce6-40a3-82a9-fbd55184503f,2018-12-23T19:21:11Z,ECOMMERCE,59,MANUAL,220.0,1988.95,NJ,34,0,0,0,false,US
ee827ba5-cce6-40a3-82a9-fbd55184503f,2018-12-23T19:21:11Z,ECOMMERCE,59,MANUAL,220.0,1988.95,NJ,34,0,0,0,false,US
ee827ba5-cce6-40a3-82a9-fbd55184503f,2018-12-23T19:21:11Z,ECOMMERCE,59,MANUAL,220.0,1988.95,NJ,34,0,0,0,false,US
ee827ba5-cce6-40a3-82a9-fbd55184503f,2018-12-23T19:21:11Z,ECOMMERCE,59,MANUAL,220.0,1988.95,NJ,34,0,0,0,false,US
16e7e963-5748-4d03-ac35-1da5a683e8f5,2020-05-22T23:30:32Z,ECOMMERCE,57,MANUAL,27.3,14.7,,,0,0,0,false,FR
eca5965d-9d2e-48c6-9b44-a891de5a355b,2018-12-24T07:55:14Z,ECOMMERCE,54,MANUAL,220.0,1088.95,NJ,34,0,0,0,false,US
eca5965d-9d2e-48c6-9b44-a891de5a355b,2018-12-24T07:55:14Z,ECOMMERCE,54,MANUAL,220.0,1088.95,NJ,34,0,0,0,false,US
eca5965d-9d2e-48c6-9b44-a891de5a355b,2018-12-24T07:55:14Z,ECOMMERCE,54,MANUAL,220.0,1088.95,NJ,34,0,0,0,false,US
eca5965d-9d2e-48c6-9b44-a891de5a355b,2018-12-24T07:55:14Z,ECOMMERCE,54,MANUAL,220.0,1088.95,NJ,34,0,0,0,false,US
eca5965d-9d2e-48c6-9b44-a891de5a355b,2018-12-24T07:55:14Z,ECOMMERCE,54,MANUAL,220.0,1088.95,NJ,34,0,0,0,false,US
eca5965d-9d2e-48c6-9b44-a891de5a355b,2018-12-24T07:55:14Z,ECOMMERCE,54,MANUAL,220.0,1088.95,NJ,34,0,0,0,false,US
eca5965d-9d2e-48c6-9b44-a891de5a355b,2018-12-24T07:55:14Z,ECOMMERCE,54,MANUAL,220.0,1088.95,NJ,34,0,0,0,false,US
eca5965d-9d2e-48c6-9b44-a891de5a355b,2018-12-24T07:55:14Z,ECOMMERCE,54,MANUAL,220.0,1088.95,NJ,34,0,0,0,false,US
0dbb551a-3a72-4108-a7de-d9a039157fa7,2018-12-23T17:22:23Z,ECOMMERCE,54,MANUAL,195.0,2648.95,NJ,34,0,0,0,false,US
58290282-adb5-464b-97cb-aee97485cc5e,2018-12-23T19:11:58Z,ECOMMERCE,52,MANUAL,220.0,2208.95,NJ,34,0,0,0,false,US
58290282-adb5-464b-97cb-aee97485cc5e,2018-12-23T19:11:58Z,ECOMMERCE,52,MANUAL,220.0,2208.95,NJ,34,0,0,0,false,US
58290282-adb5-464b-97cb-aee97485cc5e,2018-12-23T19:11:58Z,ECOMMERCE,52,MANUAL,220.0,2208.95,NJ,34,0,0,0,false,US
58290282-adb5-464b-97cb-aee97485cc5e,2018-12-23T19:11:58Z,ECOMMERCE,52,MANUAL,220.0,2208.95,NJ,34,0,0,0,false,US
58290282-adb5-464b-97cb-aee97485cc5e,2018-12-23T19:11:58Z,ECOMMERCE,52,MANUAL,220.0,2208.95,NJ,34,0,0,0,false,US
58290282-adb5-464b-97cb-aee97485cc5e,2018-12-23T19:11:58Z,ECOMMERCE,52,MANUAL,220.0,2208.95,NJ,34,0,0,0,false,US
58290282-adb5-464b-97cb-aee97485cc5e,2018-12-23T19:11:58Z,ECOMMERCE,52,MANUAL,220.0,2208.95,NJ,34,0,0,0,false,US
58290282-adb5-464b-97cb-aee97485cc5e,2018-12-23T19:11:58Z,ECOMMERCE,52,MANUAL,220.0,2208.95,NJ,34,0,0,0,false,US
ab3bbf83-c87c-42a2-bb0c-eb34cd36e46a,2021-01-06T16:36:19Z,ECOMMERCE,5,CARD_ON_FILE,31.96,1754.76,CA,06,0,0,0,false,US
ab3bbf83-c87c-42a2-bb0c-eb34cd36e46a,2021-01-06T16:36:19Z,ECOMMERCE,5,CARD_ON_FILE,31.96,1754.76,CA,06,0,0,0,false,US
ab3bbf83-c87c-42a2-bb0c-eb34cd36e46a,2021-01-06T16:36:19Z,ECOMMERCE,5,CARD_ON_FILE,31.96,1754.76,CA,06,0,0,0,false,US
72c2e42d-193e-44f9-ad8f-cb97143e3c72,2021-01-09T03:13:02Z,ECOMMERCE,5,CARD_ON_FILE,14.98,3085.64,CA,06,0,0,0,false,US
72c2e42d-193e-44f9-ad8f-cb97143e3c72,2021-01-09T03:13:02Z,ECOMMERCE,5,CARD_ON_FILE,14.98,3085.64,CA,06,0,0,0,false,US
72c2e42d-193e-44f9-ad8f-cb97143e3c72,2021-01-09T03:13:02Z,ECOMMERCE,5,CARD_ON_FILE,14.98,3085.64,CA,06,0,0,0,false,US
72c2e42d-193e-44f9-ad8f-cb97143e3c72,2021-01-09T03:13:02Z,ECOMMERCE,5,CARD_ON_FILE,14.98,3085.64,CA,06,0,0,0,false,US
b0eb4c01-3aa2-4493-8d8b-7e7363b27169,2021-01-17T05:41:21Z,ECOMMERCE,5,CARD_ON_FILE,9.99,2482.79,CA,06,0,0,0,false,US
b0eb4c01-3aa2-4493-8d8b-7e7363b27169,2021-01-17T05:41:21Z,ECOMMERCE,5,CARD_ON_FILE,9.99,2482.79,CA,06,0,0,0,false,US
b0eb4c01-3aa2-4493-8d8b-7e7363b27169,2021-01-17T05:41:21Z,ECOMMERCE,5,CARD_ON_FILE,9.99,2482.79,CA,06,0,0,0,false,US
ae6d4b12-74d7-4f40-b729-c17f24dc0d33,2018-12-23T19:28:49Z,ECOMMERCE,47,MANUAL,220.0,1768.95,NJ,34,0,0,0,false,US
ae6d4b12-74d7-4f40-b729-c17f24dc0d33,2018-12-23T19:28:49Z,ECOMMERCE,47,MANUAL,220.0,1768.95,NJ,34,0,0,0,false,US
ae6d4b12-74d7-4f40-b729-c17f24dc0d33,2018-12-23T19:28:49Z,ECOMMERCE,47,MANUAL,220.0,1768.95,NJ,34,0,0,0,false,US
ae6d4b12-74d7-4f40-b729-c17f24dc0d33,2018-12-23T19:28:49Z,ECOMMERCE,47,MANUAL,220.0,1768.95,NJ,34,0,0,0,false,US
ae6d4b12-74d7-4f40-b729-c17f24dc0d33,2018-12-23T19:28:49Z,ECOMMERCE,47,MANUAL,220.0,1768.95,NJ,34,0,0,0,false,US
ae6d4b12-74d7-4f40-b729-c17f24dc0d33,2018-12-23T19:28:49Z,ECOMMERCE,47,MANUAL,220.0,1768.95,NJ,34,0,0,0,false,US
ae6d4b12-74d7-4f40-b729-c17f24dc0d33,2018-12-23T19:28:49Z,ECOMMERCE,47,MANUAL,220.0,1768.95,NJ,34,0,0,0,false,US
ae6d4b12-74d7-4f40-b729-c17f24dc0d33,2018-12-23T19:28:49Z,ECOMMERCE,47,MANUAL,220.0,1768.95,NJ,34,0,0,0,false,US
80348fd7-976a-4503-821e-1494e9ef33b2,2021-03-31T23:35:59Z,ECOMMERCE,43,CARD_ON_FILE,61.74,123.91,,,0,0,0,false,IT
80348fd7-976a-4503-821e-1494e9ef33b2,2021-03-31T23:35:59Z,ECOMMERCE,43,CARD_ON_FILE,61.74,123.91,,,0,0,0,false,IT
80348fd7-976a-4503-821e-1494e9ef33b2,2021-03-31T23:35:59Z,ECOMMERCE,43,CARD_ON_FILE,61.74,123.91,,,0,0,0,false,IT
80348fd7-976a-4503-821e-1494e9ef33b2,2021-03-31T23:35:59Z,ECOMMERCE,43,CARD_ON_FILE,61.74,123.91,,,0,0,0,false,IT
80348fd7-976a-4503-821e-1494e9ef33b2,2021-03-31T23:35:59Z,ECOMMERCE,43,CARD_ON_FILE,61.74,123.91,,,0,0,0,false,IT
80348fd7-976a-4503-821e-1494e9ef33b2,2021-03-31T23:35:59Z,ECOMMERCE,43,CARD_ON_FILE,61.74,123.91,,,0,0,0,false,IT
80348fd7-976a-4503-821e-1494e9ef33b2,2021-03-31T23:35:59Z,ECOMMERCE,43,CARD_ON_FILE,61.74,123.91,,,0,0,0,false,IT
80348fd7-976a-4503-821e-1494e9ef33b2,2021-03-31T23:35:59Z,ECOMMERCE,43,CARD_ON_FILE,61.74,123.91,,,0,0,0,false,IT
80348fd7-976a-4503-821e-1494e9ef33b2,2021-03-31T23:35:59Z,ECOMMERCE,43,CARD_ON_FILE,61.74,123.91,,,0,0,0,false,IT
80348fd7-976a-4503-821e-1494e9ef33b2,2021-03-31T23:35:59Z,ECOMMERCE,43,CARD_ON_FILE,61.74,123.91,,,0,0,0,false,IT
80348fd7-976a-4503-821e-1494e9ef33b2,2021-03-31T23:35:59Z,ECOMMERCE,43,CARD_ON_FILE,61.74,123.91,,,0,0,0,false,IT
80348fd7-976a-4503-821e-1494e9ef33b2,2021-03-31T23:35:59Z,ECOMMERCE,43,CARD_ON_FILE,61.74,123.91,,,0,0,0,false,IT
911ea9e0-37d0-47a3-b1f1-45c90a8fe32b,2018-12-25T11:12:46Z,ECOMMERCE,43,MANUAL,220.0,1490.96,NJ,34,0,0,0,false,US
911ea9e0-37d0-47a3-b1f1-45c90a8fe32b,2018-12-25T11:12:46Z,ECOMMERCE,43,MANUAL,220.0,1490.96,NJ,34,0,0,0,false,US
911ea9e0-37d0-47a3-b1f1-45c90a8fe32b,2018-12-25T11:12:46Z,ECOMMERCE,43,MANUAL,220.0,1490.96,NJ,34,0,0,0,false,US
5ff1cf24-331b-436a-b9e5-96ea8c3d2a4a,2021-03-31T20:21:14Z,ECOMMERCE,42,CARD_ON_FILE,24.11,247.39,,,0,0,0,false,IT
cbfdf8d2-8d1f-4e96-9c38-f3eedd657507,2021-03-31T23:41:28Z,ECOMMERCE,42,CARD_ON_FILE,32.96,29.21,,,0,0,0,false,IT
5ff1cf24-331b-436a-b9e5-96ea8c3d2a4a,2021-03-31T20:21:14Z,ECOMMERCE,42,CARD_ON_FILE,24.11,247.39,,,0,0,0,false,IT
cbfdf8d2-8d1f-4e96-9c38-f3eedd657507,2021-03-31T23:41:28Z,ECOMMERCE,42,CARD_ON_FILE,32.96,29.21,,,0,0,0,false,IT
5ff1cf24-331b-436a-b9e5-96ea8c3d2a4a,2021-03-31T20:21:14Z,ECOMMERCE,42,CARD_ON_FILE,24.11,247.39,,,0,0,0,false,IT
cbfdf8d2-8d1f-4e96-9c38-f3eedd657507,2021-03-31T23:41:28Z,ECOMMERCE,42,CARD_ON_FILE,32.96,29.21,,,0,0,0,false,IT
5ff1cf24-331b-436a-b9e5-96ea8c3d2a4a,2021-03-31T20:21:14Z,ECOMMERCE,42,CARD_ON_FILE,24.11,247.39,,,0,0,0,false,IT
cbfdf8d2-8d1f-4e96-9c38-f3eedd657507,2021-03-31T23:41:28Z,ECOMMERCE,42,CARD_ON_FILE,32.96,29.21,,,0,0,0,false,IT
5ff1cf24-331b-436a-b9e5-96ea8c3d2a4a,2021-03-31T20:21:14Z,ECOMMERCE,42,CARD_ON_FILE,24.11,247.39,,,0,0,0,false,IT
cbfdf8d2-8d1f-4e96-9c38-f3eedd657507,2021-03-31T23:41:28Z,ECOMMERCE,42,CARD_ON_FILE,32.96,29.21,,,0,0,0,false,IT
5ff1cf24-331b-436a-b9e5-96ea8c3d2a4a,2021-03-31T20:21:14Z,ECOMMERCE,42,CARD_ON_FILE,24.11,247.39,,,0,0,0,false,IT
cbfdf8d2-8d1f-4e96-9c38-f3eedd657507,2021-03-31T23:41:28Z,ECOMMERCE,42,CARD_ON_FILE,32.96,29.21,,,0,0,0,false,IT
5ff1cf24-331b-436a-b9e5-96ea8c3d2a4a,2021-03-31T20:21:14Z,ECOMMERCE,42,CARD_ON_FILE,24.11,247.39,,,0,0,0,false,IT
cbfdf8d2-8d1f-4e96-9c38-f3eedd657507,2021-03-31T23:41:28Z,ECOMMERCE,42,CARD_ON_FILE,32.96,29.21,,,0,0,0,false,IT
5ff1cf24-331b-436a-b9e5-96ea8c3d2a4a,2021-03-31T20:21:14Z,ECOMMERCE,42,CARD_ON_FILE,24.11,247.39,,,0,0,0,false,IT
cbfdf8d2-8d1f-4e96-9c38-f3eedd657507,2021-03-31T23:41:28Z,ECOMMERCE,42,CARD_ON_FILE,32.96,29.21,,,0,0,0,false,IT
5ff1cf24-331b-436a-b9e5-96ea8c3d2a4a,2021-03-31T20:21:14Z,ECOMMERCE,42,CARD_ON_FILE,24.11,247.39,,,0,0,0,false,IT
cbfdf8d2-8d1f-4e96-9c38-f3eedd657507,2021-03-31T23:41:28Z,ECOMMERCE,42,CARD_ON_FILE,32.96,29.21,,,0,0,0,false,IT
5ff1cf24-331b-436a-b9e5-96ea8c3d2a4a,2021-03-31T20:21:14Z,ECOMMERCE,42,CARD_ON_FILE,24.11,247.39,,,0,0,0,false,IT
cbfdf8d2-8d1f-4e96-9c38-f3eedd657507,2021-03-31T23:41:28Z,ECOMMERCE,42,CARD_ON_FILE,32.96,29.21,,,0,0,0,false,IT
5ff1cf24-331b-436a-b9e5-96ea8c3d2a4a,2021-03-31T20:21:14Z,ECOMMERCE,42,CARD_ON_FILE,24.11,247.39,,,0,0,0,false,IT
cbfdf8d2-8d1f-4e96-9c38-f3eedd657507,2021-03-31T23:41:28Z,ECOMMERCE,42,CARD_ON_FILE,32.96,29.21,,,0,0,0,false,IT
5ff1cf24-331b-436a-b9e5-96ea8c3d2a4a,2021-03-31T20:21:14Z,ECOMMERCE,42,CARD_ON_FILE,24.11,247.39,,,0,0,0,false,IT
cbfdf8d2-8d1f-4e96-9c38-f3eedd657507,2021-03-31T23:41:28Z,ECOMMERCE,42,CARD_ON_FILE,32.96,29.21,,,0,0,0,false,IT
9744ab18-3765-411d-ab92-35b6e6d27b8d,2021-03-31T23:35:21Z,ECOMMERCE,40,CARD_ON_FILE,61.74,185.65,,,0,0,0,false,IT
9744ab18-3765-411d-ab92-35b6e6d27b8d,2021-03-31T23:35:21Z,ECOMMERCE,40,CARD_ON_FILE,61.74,185.65,,,0,0,0,false,IT
9744ab18-3765-411d-ab92-35b6e6d27b8d,2021-03-31T23:35:21Z,ECOMMERCE,40,CARD_ON_FILE,61.74,185.65,,,0,0,0,false,IT
9744ab18-3765-411d-ab92-35b6e6d27b8d,2021-03-31T23:35:21Z,ECOMMERCE,40,CARD_ON_FILE,61.74,185.65,,,0,0,0,false,IT
9744ab18-3765-411d-ab92-35b6e6d27b8d,2021-03-31T23:35:21Z,ECOMMERCE,40,CARD_ON_FILE,61.74,185.65,,,0,0,0,false,IT
9744ab18-3765-411d-ab92-35b6e6d27b8d,2021-03-31T23:35:21Z,ECOMMERCE,40,CARD_ON_FILE,61.74,185.65,,,0,0,0,false,IT
9744ab18-3765-411d-ab92-35b6e6d27b8d,2021-03-31T23:35:21Z,ECOMMERCE,40,CARD_ON_FILE,61.74,185.65,,,0,0,0,false,IT
9744ab18-3765-411d-ab92-35b6e6d27b8d,2021-03-31T23:35:21Z,ECOMMERCE,40,CARD_ON_FILE,61.74,185.65,,,0,0,0,false,IT
9744ab18-3765-411d-ab92-35b6e6d27b8d,2021-03-31T23:35:21Z,ECOMMERCE,40,CARD_ON_FILE,61.74,185.65,,,0,0,0,false,IT
9744ab18-3765-411d-ab92-35b6e6d27b8d,2021-03-31T23:35:21Z,ECOMMERCE,40,CARD_ON_FILE,61.74,185.65,,,0,0,0,false,IT
9744ab18-3765-411d-ab92-35b6e6d27b8d,2021-03-31T23:35:21Z,ECOMMERCE,40,CARD_ON_FILE,61.74,185.65,,,0,0,0,false,IT
9744ab18-3765-411d-ab92-35b6e6d27b8d,2021-03-31T23:35:21Z,ECOMMERCE,40,CARD_ON_FILE,61.74,185.65,,,0,0,0,false,IT
3a39b0d1-869d-45e8-bd61-4de3e5046bf0,2021-01-18T22:22:38Z,ECOMMERCE,4,CARD_ON_FILE,9.99,2922.75,CA,06,0,0,0,false,US
77a33015-a713-4aca-964e-65ab01e910c6,2021-01-19T18:02:45Z,ECOMMERCE,4,CARD_ON_FILE,19.99,1797.24,CA,06,0,0,0,false,US
3a39b0d1-869d-45e8-bd61-4de3e5046bf0,2021-01-18T22:22:38Z,ECOMMERCE,4,CARD_ON_FILE,9.99,2922.75,CA,06,0,0,0,false,US
77a33015-a713-4aca-964e-65ab01e910c6,2021-01-19T18:02:45Z,ECOMMERCE,4,CARD_ON_FILE,19.99,1797.24,CA,06,0,0,0,false,US
3a39b0d1-869d-45e8-bd61-4de3e5046bf0,2021-01-18T22:22:38Z,ECOMMERCE,4,CARD_ON_FILE,9.99,2922.75,CA,06,0,0,0,false,US
77a33015-a713-4aca-964e-65ab01e910c6,2021-01-19T18:02:45Z,ECOMMERCE,4,CARD_ON_FILE,19.99,1797.24,CA,06,0,0,0,false,US
3a39b0d1-869d-45e8-bd61-4de3e5046bf0,2021-01-18T22:22:38Z,ECOMMERCE,4,CARD_ON_FILE,9.99,2922.75,CA,06,0,0,0,false,US
77a33015-a713-4aca-964e-65ab01e910c6,2021-01-19T18:02:45Z,ECOMMERCE,4,CARD_ON_FILE,19.99,1797.24,CA,06,0,0,0,false,US
3a39b0d1-869d-45e8-bd61-4de3e5046bf0,2021-01-18T22:22:38Z,ECOMMERCE,4,CARD_ON_FILE,9.99,2922.75,CA,06,0,0,0,false,US
77a33015-a713-4aca-964e-65ab01e910c6,2021-01-19T18:02:45Z,ECOMMERCE,4,CARD_ON_FILE,19.99,1797.24,CA,06,0,0,0,false,US
e4ff23f2-c2ef-46db-8732-116761f47e02,2021-01-16T20:20:57Z,ECOMMERCE,4,CARD_ON_FILE,19.99,2781.71,CA,06,0,0,0,false,US
e4ff23f2-c2ef-46db-8732-116761f47e02,2021-01-16T20:20:57Z,ECOMMERCE,4,CARD_ON_FILE,19.99,2781.71,CA,06,0,0,0,false,US
e4ff23f2-c2ef-46db-8732-116761f47e02,2021-01-16T20:20:57Z,ECOMMERCE,4,CARD_ON_FILE,19.99,2781.71,CA,06,0,0,0,false,US
e4ff23f2-c2ef-46db-8732-116761f47e02,2021-01-16T20:20:57Z,ECOMMERCE,4,CARD_ON_FILE,19.99,2781.71,CA,06,0,0,0,false,US
e4ff23f2-c2ef-46db-8732-116761f47e02,2021-01-16T20:20:57Z,ECOMMERCE,4,CARD_ON_FILE,19.99,2781.71,CA,06,0,0,0,false,US
8e3c9c49-1ddc-4404-943b-6b85a3a2ffd1,2018-12-23T19:34:57Z,ECOMMERCE,37,MANUAL,220.0,1548.95,NJ,34,0,0,0,false,US
800fc8bc-6bac-449e-b122-ca5d7859452b,2018-12-24T07:39:31Z,ECOMMERCE,37,MANUAL,240.0,1308.95,NJ,34,0,0,0,false,US
8e3c9c49-1ddc-4404-943b-6b85a3a2ffd1,2018-12-23T19:34:57Z,ECOMMERCE,37,MANUAL,220.0,1548.95,NJ,34,0,0,0,false,US
800fc8bc-6bac-449e-b122-ca5d7859452b,2018-12-24T07:39:31Z,ECOMMERCE,37,MANUAL,240.0,1308.95,NJ,34,0,0,0,false,US
8e3c9c49-1ddc-4404-943b-6b85a3a2ffd1,2018-12-23T19:34:57Z,ECOMMERCE,37,MANUAL,220.0,1548.95,NJ,34,0,0,0,false,US
800fc8bc-6bac-449e-b122-ca5d7859452b,2018-12-24T07:39:31Z,ECOMMERCE,37,MANUAL,240.0,1308.95,NJ,34,0,0,0,false,US
8e3c9c49-1ddc-4404-943b-6b85a3a2ffd1,2018-12-23T19:34:57Z,ECOMMERCE,37,MANUAL,220.0,1548.95,NJ,34,0,0,0,false,US
800fc8bc-6bac-449e-b122-ca5d7859452b,2018-12-24T07:39:31Z,ECOMMERCE,37,MANUAL,240.0,1308.95,NJ,34,0,0,0,false,US
8e3c9c49-1ddc-4404-943b-6b85a3a2ffd1,2018-12-23T19:34:57Z,ECOMMERCE,37,MANUAL,220.0,1548.95,NJ,34,0,0,0,false,US
800fc8bc-6bac-449e-b122-ca5d7859452b,2018-12-24T07:39:31Z,ECOMMERCE,37,MANUAL,240.0,1308.95,NJ,34,0,0,0,false,US
8e3c9c49-1ddc-4404-943b-6b85a3a2ffd1,2018-12-23T19:34:57Z,ECOMMERCE,37,MANUAL,220.0,1548.95,NJ,34,0,0,0,false,US
800fc8bc-6bac-449e-b122-ca5d7859452b,2018-12-24T07:39:31Z,ECOMMERCE,37,MANUAL,240.0,1308.95,NJ,34,0,0,0,false,US
8e3c9c49-1ddc-4404-943b-6b85a3a2ffd1,2018-12-23T19:34:57Z,ECOMMERCE,37,MANUAL,220.0,1548.95,NJ,34,0,0,0,false,US
800fc8bc-6bac-449e-b122-ca5d7859452b,2018-12-24T07:39:31Z,ECOMMERCE,37,MANUAL,240.0,1308.95,NJ,34,0,0,0,false,US
8e3c9c49-1ddc-4404-943b-6b85a3a2ffd1,2018-12-23T19:34:57Z,ECOMMERCE,37,MANUAL,220.0,1548.95,NJ,34,0,0,0,false,US
800fc8bc-6bac-449e-b122-ca5d7859452b,2018-12-24T07:39:31Z,ECOMMERCE,37,MANUAL,240.0,1308.95,NJ,34,0,0,0,false,US
f2d877cd-3464-4a43-9ca1-a2279e39dd81,2020-11-09T03:04:10Z,ECOMMERCE,37,MANUAL,230.21,747.44,KY,21,0,0,0,false,US
9703018a-60be-4d11-ad72-9228373afb9b,2021-03-31T20:07:32Z,ECOMMERCE,37,CARD_ON_FILE,61.75,395.0,,,0,0,0,false,IT
9703018a-60be-4d11-ad72-9228373afb9b,2021-03-31T20:07:32Z,ECOMMERCE,37,CARD_ON_FILE,61.75,395.0,,,0,0,0,false,IT
9703018a-60be-4d11-ad72-9228373afb9b,2021-03-31T20:07:32Z,ECOMMERCE,37,CARD_ON_FILE,61.75,395.0,,,0,0,0,false,IT
9703018a-60be-4d11-ad72-9228373afb9b,2021-03-31T20:07:32Z,ECOMMERCE,37,CARD_ON_FILE,61.75,395.0,,,0,0,0,false,IT
9703018a-60be-4d11-ad72-9228373afb9b,2021-03-31T20:07:32Z,ECOMMERCE,37,CARD_ON_FILE,61.75,395.0,,,0,0,0,false,IT
9703018a-60be-4d11-ad72-9228373afb9b,2021-03-31T20:07:32Z,ECOMMERCE,37,CARD_ON_FILE,61.75,395.0,,,0,0,0,false,IT
9703018a-60be-4d11-ad72-9228373afb9b,2021-03-31T20:07:32Z,ECOMMERCE,37,CARD_ON_FILE,61.75,395.0,,,0,0,0,false,IT
9703018a-60be-4d11-ad72-9228373afb9b,2021-03-31T20:07:32Z,ECOMMERCE,37,CARD_ON_FILE,61.75,395.0,,,0,0,0,false,IT
9703018a-60be-4d11-ad72-9228373afb9b,2021-03-31T20:07:32Z,ECOMMERCE,37,CARD_ON_FILE,61.75,395.0,,,0,0,0,false,IT
9703018a-60be-4d11-ad72-9228373afb9b,2021-03-31T20:07:32Z,ECOMMERCE,37,CARD_ON_FILE,61.75,395.0,,,0,0,0,false,IT
9703018a-60be-4d11-ad72-9228373afb9b,2021-03-31T20:07:32Z,ECOMMERCE,37,CARD_ON_FILE,61.75,395.0,,,0,0,0,false,IT
9703018a-60be-4d11-ad72-9228373afb9b,2021-03-31T20:07:32Z,ECOMMERCE,37,CARD_ON_FILE,61.75,395.0,,,0,0,0,false,IT
61e875af-7cb7-49e7-90ac-64cef2c96656,2018-12-24T07:45:33Z,ECOMMERCE,35,MANUAL,27.0,1061.95,NJ,34,0,0,0,false,US
61e875af-7cb7-49e7-90ac-64cef2c96656,2018-12-24T07:45:33Z,ECOMMERCE,35,MANUAL,27.0,1061.95,NJ,34,0,0,0,false,US
61e875af-7cb7-49e7-90ac-64cef2c96656,2018-12-24T07:45:33Z,ECOMMERCE,35,MANUAL,27.0,1061.95,NJ,34,0,0,0,false,US
61e875af-7cb7-49e7-90ac-64cef2c96656,2018-12-24T07:45:33Z,ECOMMERCE,35,MANUAL,27.0,1061.95,NJ,34,0,0,0,false,US
61e875af-7cb7-49e7-90ac-64cef2c96656,2018-12-24T07:45:33Z,ECOMMERCE,35,MANUAL,27.0,1061.95,NJ,34,0,0,0,false,US
61e875af-7cb7-49e7-90ac-64cef2c96656,2018-12-24T07:45:33Z,ECOMMERCE,35,MANUAL,27.0,1061.95,NJ,34,0,0,0,false,US
61e875af-7cb7-49e7-90ac-64cef2c96656,2018-12-24T07:45:33Z,ECOMMERCE,35,MANUAL,27.0,1061.95,NJ,34,0,0,0,false,US
61e875af-7cb7-49e7-90ac-64cef2c96656,2018-12-24T07:45:33Z,ECOMMERCE,35,MANUAL,27.0,1061.95,NJ,34,0,0,0,false,US
4c11d0e8-6d61-48a8-90b3-2efb6986b799,2021-02-04T12:45:27Z,ECOMMERCE,35,MANUAL,384.0,15867.98,AR,05,0,0,0,false,US
a58dd136-8306-419d-bd8b-b4d16ff28656,2019-08-29T09:26:01Z,OTHER,35,MAGSTRIPE,150.0,0.00,12,12,1,1,1,false,USA
fb88d284-d4b2-460e-b6a1-3b63c242b60e,2019-08-29T09:35:41Z,OTHER,35,MAGSTRIPE,149.97,0.00,12,12,1,1,1,false,USA
a58dd136-8306-419d-bd8b-b4d16ff28656,2019-08-29T09:26:01Z,OTHER,35,MAGSTRIPE,150.0,0.00,12,12,1,1,1,false,USA
fb88d284-d4b2-460e-b6a1-3b63c242b60e,2019-08-29T09:35:41Z,OTHER,35,MAGSTRIPE,149.97,0.00,12,12,1,1,1,false,USA
986b500d-3597-4b6c-a612-d2c6cffbbfa0,2021-03-31T20:09:31Z,ECOMMERCE,35,CARD_ON_FILE,61.75,271.5,,,0,0,0,false,IT
687ede93-0188-46ef-847e-caf7fdd3b097,2021-03-31T23:36:48Z,ECOMMERCE,35,CARD_ON_FILE,61.74,62.17,,,0,0,0,false,IT
986b500d-3597-4b6c-a612-d2c6cffbbfa0,2021-03-31T20:09:31Z,ECOMMERCE,35,CARD_ON_FILE,61.75,271.5,,,0,0,0,false,IT
687ede93-0188-46ef-847e-caf7fdd3b097,2021-03-31T23:36:48Z,ECOMMERCE,35,CARD_ON_FILE,61.74,62.17,,,0,0,0,false,IT
986b500d-3597-4b6c-a612-d2c6cffbbfa0,2021-03-31T20:09:31Z,ECOMMERCE,35,CARD_ON_FILE,61.75,271.5,,,0,0,0,false,IT
687ede93-0188-46ef-847e-caf7fdd3b097,2021-03-31T23:36:48Z,ECOMMERCE,35,CARD_ON_FILE,61.74,62.17,,,0,0,0,false,IT
986b500d-3597-4b6c-a612-d2c6cffbbfa0,2021-03-31T20:09:31Z,ECOMMERCE,35,CARD_ON_FILE,61.75,271.5,,,0,0,0,false,IT
687ede93-0188-46ef-847e-caf7fdd3b097,2021-03-31T23:36:48Z,ECOMMERCE,35,CARD_ON_FILE,61.74,62.17,,,0,0,0,false,IT
986b500d-3597-4b6c-a612-d2c6cffbbfa0,2021-03-31T20:09:31Z,ECOMMERCE,35,CARD_ON_FILE,61.75,271.5,,,0,0,0,false,IT
687ede93-0188-46ef-847e-caf7fdd3b097,2021-03-31T23:36:48Z,ECOMMERCE,35,CARD_ON_FILE,61.74,62.17,,,0,0,0,false,IT
986b500d-3597-4b6c-a612-d2c6cffbbfa0,2021-03-31T20:09:31Z,ECOMMERCE,35,CARD_ON_FILE,61.75,271.5,,,0,0,0,false,IT
687ede93-0188-46ef-847e-caf7fdd3b097,2021-03-31T23:36:48Z,ECOMMERCE,35,CARD_ON_FILE,61.74,62.17,,,0,0,0,false,IT
986b500d-3597-4b6c-a612-d2c6cffbbfa0,2021-03-31T20:09:31Z,ECOMMERCE,35,CARD_ON_FILE,61.75,271.5,,,0,0,0,false,IT
687ede93-0188-46ef-847e-caf7fdd3b097,2021-03-31T23:36:48Z,ECOMMERCE,35,CARD_ON_FILE,61.74,62.17,,,0,0,0,false,IT
986b500d-3597-4b6c-a612-d2c6cffbbfa0,2021-03-31T20:09:31Z,ECOMMERCE,35,CARD_ON_FILE,61.75,271.5,,,0,0,0,false,IT
687ede93-0188-46ef-847e-caf7fdd3b097,2021-03-31T23:36:48Z,ECOMMERCE,35,CARD_ON_FILE,61.74,62.17,,,0,0,0,false,IT
986b500d-3597-4b6c-a612-d2c6cffbbfa0,2021-03-31T20:09:31Z,ECOMMERCE,35,CARD_ON_FILE,61.75,271.5,,,0,0,0,false,IT
687ede93-0188-46ef-847e-caf7fdd3b097,2021-03-31T23:36:48Z,ECOMMERCE,35,CARD_ON_FILE,61.74,62.17,,,0,0,0,false,IT
986b500d-3597-4b6c-a612-d2c6cffbbfa0,2021-03-31T20:09:31Z,ECOMMERCE,35,CARD_ON_FILE,61.75,271.5,,,0,0,0,false,IT
687ede93-0188-46ef-847e-caf7fdd3b097,2021-03-31T23:36:48Z,ECOMMERCE,35,CARD_ON_FILE,61.74,62.17,,,0,0,0,false,IT
986b500d-3597-4b6c-a612-d2c6cffbbfa0,2021-03-31T20:09:31Z,ECOMMERCE,35,CARD_ON_FILE,61.75,271.5,,,0,0,0,false,IT
687ede93-0188-46ef-847e-caf7fdd3b097,2021-03-31T23:36:48Z,ECOMMERCE,35,CARD_ON_FILE,61.74,62.17,,,0,0,0,false,IT
986b500d-3597-4b6c-a612-d2c6cffbbfa0,2021-03-31T20:09:31Z,ECOMMERCE,35,CARD_ON_FILE,61.75,271.5,,,0,0,0,false,IT
687ede93-0188-46ef-847e-caf7fdd3b097,2021-03-31T23:36:48Z,ECOMMERCE,35,CARD_ON_FILE,61.74,62.17,,,0,0,0,false,IT
f5af109b-d6d7-4be3-ac82-c3eeab5db051,2018-12-23T17:25:24Z,ECOMMERCE,34,MANUAL,220.0,2428.95,NJ,34,0,0,0,false,US
f5af109b-d6d7-4be3-ac82-c3eeab5db051,2018-12-23T17:25:24Z,ECOMMERCE,34,MANUAL,220.0,2428.95,NJ,34,0,0,0,false,US
f5af109b-d6d7-4be3-ac82-c3eeab5db051,2018-12-23T17:25:24Z,ECOMMERCE,34,MANUAL,220.0,2428.95,NJ,34,0,0,0,false,US
f5af109b-d6d7-4be3-ac82-c3eeab5db051,2018-12-23T17:25:24Z,ECOMMERCE,34,MANUAL,220.0,2428.95,NJ,34,0,0,0,false,US
f5af109b-d6d7-4be3-ac82-c3eeab5db051,2018-12-23T17:25:24Z,ECOMMERCE,34,MANUAL,220.0,2428.95,NJ,34,0,0,0,false,US
f5af109b-d6d7-4be3-ac82-c3eeab5db051,2018-12-23T17:25:24Z,ECOMMERCE,34,MANUAL,220.0,2428.95,NJ,34,0,0,0,false,US
f5af109b-d6d7-4be3-ac82-c3eeab5db051,2018-12-23T17:25:24Z,ECOMMERCE,34,MANUAL,220.0,2428.95,NJ,34,0,0,0,false,US
f5af109b-d6d7-4be3-ac82-c3eeab5db051,2018-12-23T17:25:24Z,ECOMMERCE,34,MANUAL,220.0,2428.95,NJ,34,0,0,0,false,US
ab8d1c40-eff9-4865-be48-16445d024b04,2021-02-05T10:44:25Z,ECOMMERCE,34,MANUAL,106.63,15011.58,AR,05,0,0,0,false,US
b52463c8-507c-4739-9432-ba5b138f88db,2021-03-31T20:08:20Z,ECOMMERCE,34,CARD_ON_FILE,61.75,333.25,,,0,0,0,false,IT
b52463c8-507c-4739-9432-ba5b138f88db,2021-03-31T20:08:20Z,ECOMMERCE,34,CARD_ON_FILE,61.75,333.25,,,0,0,0,false,IT
b52463c8-507c-4739-9432-ba5b138f88db,2021-03-31T20:08:20Z,ECOMMERCE,34,CARD_ON_FILE,61.75,333.25,,,0,0,0,false,IT
b52463c8-507c-4739-9432-ba5b138f88db,2021-03-31T20:08:20Z,ECOMMERCE,34,CARD_ON_FILE,61.75,333.25,,,0,0,0,false,IT
b52463c8-507c-4739-9432-ba5b138f88db,2021-03-31T20:08:20Z,ECOMMERCE,34,CARD_ON_FILE,61.75,333.25,,,0,0,0,false,IT
b52463c8-507c-4739-9432-ba5b138f88db,2021-03-31T20:08:20Z,ECOMMERCE,34,CARD_ON_FILE,61.75,333.25,,,0,0,0,false,IT
b52463c8-507c-4739-9432-ba5b138f88db,2021-03-31T20:08:20Z,ECOMMERCE,34,CARD_ON_FILE,61.75,333.25,,,0,0,0,false,IT
b52463c8-507c-4739-9432-ba5b138f88db,2021-03-31T20:08:20Z,ECOMMERCE,34,CARD_ON_FILE,61.75,333.25,,,0,0,0,false,IT
b52463c8-507c-4739-9432-ba5b138f88db,2021-03-31T20:08:20Z,ECOMMERCE,34,CARD_ON_FILE,61.75,333.25,,,0,0,0,false,IT
b52463c8-507c-4739-9432-ba5b138f88db,2021-03-31T20:08:20Z,ECOMMERCE,34,CARD_ON_FILE,61.75,333.25,,,0,0,0,false,IT
b52463c8-507c-4739-9432-ba5b138f88db,2021-03-31T20:08:20Z,ECOMMERCE,34,CARD_ON_FILE,61.75,333.25,,,0,0,0,false,IT
b52463c8-507c-4739-9432-ba5b138f88db,2021-03-31T20:08:20Z,ECOMMERCE,34,CARD_ON_FILE,61.75,333.25,,,0,0,0,false,IT
700cc80b-3cc6-44f7-8a6c-4a891ace867f,2020-04-28T04:50:13Z,ECOMMERCE,34,MANUAL,108.24,0.0,WA,53,0,0,0,false,US
74af1ae8-76a4-497f-8c1a-bd1fb107459c,2019-06-06T17:44:25Z,ECOMMERCE,33,MANUAL,9.95,761.62,,,0,0,0,false,NL
ba5f1648-6f88-4ca0-ad71-460756fc26ce,2021-03-31T19:59:55Z,ECOMMERCE,32,MANUAL,33.52,474.98,,,0,0,0,false,IT
ba5f1648-6f88-4ca0-ad71-460756fc26ce,2021-03-31T19:59:55Z,ECOMMERCE,32,MANUAL,33.52,474.98,,,0,0,0,false,IT
ba5f1648-6f88-4ca0-ad71-460756fc26ce,2021-03-31T19:59:55Z,ECOMMERCE,32,MANUAL,33.52,474.98,,,0,0,0,false,IT
ba5f1648-6f88-4ca0-ad71-460756fc26ce,2021-03-31T19:59:55Z,ECOMMERCE,32,MANUAL,33.52,474.98,,,0,0,0,false,IT
ba5f1648-6f88-4ca0-ad71-460756fc26ce,2021-03-31T19:59:55Z,ECOMMERCE,32,MANUAL,33.52,474.98,,,0,0,0,false,IT
ba5f1648-6f88-4ca0-ad71-460756fc26ce,2021-03-31T19:59:55Z,ECOMMERCE,32,MANUAL,33.52,474.98,,,0,0,0,false,IT
ba5f1648-6f88-4ca0-ad71-460756fc26ce,2021-03-31T19:59:55Z,ECOMMERCE,32,MANUAL,33.52,474.98,,,0,0,0,false,IT
ba5f1648-6f88-4ca0-ad71-460756fc26ce,2021-03-31T19:59:55Z,ECOMMERCE,32,MANUAL,33.52,474.98,,,0,0,0,false,IT
ba5f1648-6f88-4ca0-ad71-460756fc26ce,2021-03-31T19:59:55Z,ECOMMERCE,32,MANUAL,33.52,474.98,,,0,0,0,false,IT
ba5f1648-6f88-4ca0-ad71-460756fc26ce,2021-03-31T19:59:55Z,ECOMMERCE,32,MANUAL,33.52,474.98,,,0,0,0,false,IT
ba5f1648-6f88-4ca0-ad71-460756fc26ce,2021-03-31T19:59:55Z,ECOMMERCE,32,MANUAL,33.52,474.98,,,0,0,0,false,IT
ba5f1648-6f88-4ca0-ad71-460756fc26ce,2021-03-31T19:59:55Z,ECOMMERCE,32,MANUAL,33.52,474.98,,,0,0,0,false,IT
a2e65869-07cd-418a-a4c8-28720fb737b8,2021-02-04T18:07:31Z,ECOMMERCE,32,MANUAL,106.63,13272.64,AR,05,0,0,0,false,US
1c883ac7-2b2a-4931-be4d-beccc9810562,2021-03-31T20:06:38Z,ECOMMERCE,30,CARD_ON_FILE,18.23,456.75,,,0,0,0,false,IT
1c883ac7-2b2a-4931-be4d-beccc9810562,2021-03-31T20:06:38Z,ECOMMERCE,30,CARD_ON_FILE,18.23,456.75,,,0,0,0,false,IT
1c883ac7-2b2a-4931-be4d-beccc9810562,2021-03-31T20:06:38Z,ECOMMERCE,30,CARD_ON_FILE,18.23,456.75,,,0,0,0,false,IT
1c883ac7-2b2a-4931-be4d-beccc9810562,2021-03-31T20:06:38Z,ECOMMERCE,30,CARD_ON_FILE,18.23,456.75,,,0,0,0,false,IT
1c883ac7-2b2a-4931-be4d-beccc9810562,2021-03-31T20:06:38Z,ECOMMERCE,30,CARD_ON_FILE,18.23,456.75,,,0,0,0,false,IT
1c883ac7-2b2a-4931-be4d-beccc9810562,2021-03-31T20:06:38Z,ECOMMERCE,30,CARD_ON_FILE,18.23,456.75,,,0,0,0,false,IT
1c883ac7-2b2a-4931-be4d-beccc9810562,2021-03-31T20:06:38Z,ECOMMERCE,30,CARD_ON_FILE,18.23,456.75,,,0,0,0,false,IT
1c883ac7-2b2a-4931-be4d-beccc9810562,2021-03-31T20:06:38Z,ECOMMERCE,30,CARD_ON_FILE,18.23,456.75,,,0,0,0,false,IT
1c883ac7-2b2a-4931-be4d-beccc9810562,2021-03-31T20:06:38Z,ECOMMERCE,30,CARD_ON_FILE,18.23,456.75,,,0,0,0,false,IT
1c883ac7-2b2a-4931-be4d-beccc9810562,2021-03-31T20:06:38Z,ECOMMERCE,30,CARD_ON_FILE,18.23,456.75,,,0,0,0,false,IT
1c883ac7-2b2a-4931-be4d-beccc9810562,2021-03-31T20:06:38Z,ECOMMERCE,30,CARD_ON_FILE,18.23,456.75,,,0,0,0,false,IT
1c883ac7-2b2a-4931-be4d-beccc9810562,2021-03-31T20:06:38Z,ECOMMERCE,30,CARD_ON_FILE,18.23,456.75,,,0,0,0,false,IT
e86e0383-f3ec-49fb-8b18-da29b2f3cff1,2021-01-06T20:01:43Z,ECOMMERCE,3,CARD_ON_FILE,19.99,1549.27,CA,06,0,0,0,false,US
e86e0383-f3ec-49fb-8b18-da29b2f3cff1,2021-01-06T20:01:43Z,ECOMMERCE,3,CARD_ON_FILE,19.99,1549.27,CA,06,0,0,0,false,US
e86e0383-f3ec-49fb-8b18-da29b2f3cff1,2021-01-06T20:01:43Z,ECOMMERCE,3,CARD_ON_FILE,19.99,1549.27,CA,06,0,0,0,false,US
884d1638-c325-435d-848e-443d8436dbee,2021-01-15T18:45:03Z,ECOMMERCE,3,CARD_ON_FILE,9.99,3046.23,CA,06,0,0,0,false,US
884d1638-c325-435d-848e-443d8436dbee,2021-01-15T18:45:03Z,ECOMMERCE,3,CARD_ON_FILE,9.99,3046.23,CA,06,0,0,0,false,US
884d1638-c325-435d-848e-443d8436dbee,2021-01-15T18:45:03Z,ECOMMERCE,3,CARD_ON_FILE,9.99,3046.23,CA,06,0,0,0,false,US
e4aa740a-1ff1-4e8c-b508-821906822529,2021-01-18T22:22:04Z,ECOMMERCE,3,CARD_ON_FILE,18.95,2932.74,CA,06,0,0,0,false,US
e4aa740a-1ff1-4e8c-b508-821906822529,2021-01-18T22:22:04Z,ECOMMERCE,3,CARD_ON_FILE,18.95,2932.74,CA,06,0,0,0,false,US
e4aa740a-1ff1-4e8c-b508-821906822529,2021-01-18T22:22:04Z,ECOMMERCE,3,CARD_ON_FILE,18.95,2932.74,CA,06,0,0,0,false,US
e4aa740a-1ff1-4e8c-b508-821906822529,2021-01-18T22:22:04Z,ECOMMERCE,3,CARD_ON_FILE,18.95,2932.74,CA,06,0,0,0,false,US
e4aa740a-1ff1-4e8c-b508-821906822529,2021-01-18T22:22:04Z,ECOMMERCE,3,CARD_ON_FILE,18.95,2932.74,CA,06,0,0,0,false,US
b5460b3a-ed5d-4388-acb9-1d579fdcba6a,2021-01-17T01:55:45Z,ECOMMERCE,3,CARD_ON_FILE,9.99,2595.23,CA,06,0,0,0,false,US
b5460b3a-ed5d-4388-acb9-1d579fdcba6a,2021-01-17T01:55:45Z,ECOMMERCE,3,CARD_ON_FILE,9.99,2595.23,CA,06,0,0,0,false,US
b5460b3a-ed5d-4388-acb9-1d579fdcba6a,2021-01-17T01:55:45Z,ECOMMERCE,3,CARD_ON_FILE,9.99,2595.23,CA,06,0,0,0,false,US
b5460b3a-ed5d-4388-acb9-1d579fdcba6a,2021-01-17T01:55:45Z,ECOMMERCE,3,CARD_ON_FILE,9.99,2595.23,CA,06,0,0,0,false,US
b5460b3a-ed5d-4388-acb9-1d579fdcba6a,2021-01-17T01:55:45Z,ECOMMERCE,3,CARD_ON_FILE,9.99,2595.23,CA,06,0,0,0,false,US
a4375db9-3ebc-4428-8555-19b5cc6b87ed,2020-12-27T15:13:36Z,ECOMMERCE,3,CARD_ON_FILE,9.99,5765.4,CA,06,0,0,0,false,US
a4375db9-3ebc-4428-8555-19b5cc6b87ed,2020-12-27T15:13:36Z,ECOMMERCE,3,CARD_ON_FILE,9.99,5765.4,CA,06,0,0,0,false,US
a4375db9-3ebc-4428-8555-19b5cc6b87ed,2020-12-27T15:13:36Z,ECOMMERCE,3,CARD_ON_FILE,9.99,5765.4,CA,06,0,0,0,false,US
a4375db9-3ebc-4428-8555-19b5cc6b87ed,2020-12-27T15:13:36Z,ECOMMERCE,3,CARD_ON_FILE,9.99,5765.4,CA,06,0,0,0,false,US
edf76f24-82db-42c6-b2bf-42df3f17d315,2021-01-18T00:42:39Z,ECOMMERCE,3,CARD_ON_FILE,24.98,2652.17,CA,06,0,0,0,false,US
edf76f24-82db-42c6-b2bf-42df3f17d315,2021-01-18T00:42:39Z,ECOMMERCE,3,CARD_ON_FILE,24.98,2652.17,CA,06,0,0,0,false,US
3fbb2b44-b339-458d-af63-9f7991a8284d,2021-01-06T05:09:12Z,ECOMMERCE,3,CARD_ON_FILE,18.95,30267.81,MA,25,0,0,0,false,US
78f8d56c-1762-49c0-a7f2-99902af3b112,2021-01-06T16:02:25Z,ECOMMERCE,3,CARD_ON_FILE,17.27,30388.58,MA,25,0,0,0,false,US
0a1845f0-3992-4828-b6fa-aa909ab1af13,2021-01-06T13:47:02Z,ECOMMERCE,3,CARD_ON_FILE,17.08,30301.84,MA,25,0,0,0,false,US
39b070cd-caa2-44e1-8267-fcf709de5523,2021-03-14T11:00:38Z,MOTO,28,MANUAL,190.16,0.0,TN,47,0,0,0,false,US
a85277f0-f01b-4f70-b151-ba888dc91e13,2020-12-28T01:39:18Z,ECOMMERCE,28,CARD_ON_FILE,99.99,4243.28,CA,06,0,0,0,false,US
a85277f0-f01b-4f70-b151-ba888dc91e13,2020-12-28T01:39:18Z,ECOMMERCE,28,CARD_ON_FILE,99.99,4243.28,CA,06,0,0,0,false,US
a85277f0-f01b-4f70-b151-ba888dc91e13,2020-12-28T01:39:18Z,ECOMMERCE,28,CARD_ON_FILE,99.99,4243.28,CA,06,0,0,0,false,US
a85277f0-f01b-4f70-b151-ba888dc91e13,2020-12-28T01:39:18Z,ECOMMERCE,28,CARD_ON_FILE,99.99,4243.28,CA,06,0,0,0,false,US
961daf44-d4a1-43de-a97d-d055b3f5cb39,2022-01-24T17:19:40Z,OTHER,27,MAGSTRIPE,99.56,247.11,TX,48,1,1,1,false,US
0ed16640-0b40-4418-9554-aa1d39430376,2021-01-21T17:10:13Z,ECOMMERCE,27,CARD_ON_FILE,99.99,1982.22,CA,06,0,0,0,false,US
0ed16640-0b40-4418-9554-aa1d39430376,2021-01-21T17:10:13Z,ECOMMERCE,27,CARD_ON_FILE,99.99,1982.22,CA,06,0,0,0,false,US
0ed16640-0b40-4418-9554-aa1d39430376,2021-01-21T17:10:13Z,ECOMMERCE,27,CARD_ON_FILE,99.99,1982.22,CA,06,0,0,0,false,US
0ed16640-0b40-4418-9554-aa1d39430376,2021-01-21T17:10:13Z,ECOMMERCE,27,CARD_ON_FILE,99.99,1982.22,CA,06,0,0,0,false,US
0ed16640-0b40-4418-9554-aa1d39430376,2021-01-21T17:10:13Z,ECOMMERCE,27,CARD_ON_FILE,99.99,1982.22,CA,06,0,0,0,false,US
1c6f773c-116c-4607-9a6e-2cc1f61a839d,2021-01-25T06:26:10Z,ECOMMERCE,26,CARD_ON_FILE,109.98,1824.05,CA,06,0,0,0,false,US
1c6f773c-116c-4607-9a6e-2cc1f61a839d,2021-01-25T06:26:10Z,ECOMMERCE,26,CARD_ON_FILE,109.98,1824.05,CA,06,0,0,0,false,US
4bb48491-ee9d-42b6-8083-85e2307ae3d8,2021-03-31T19:56:02Z,ECOMMERCE,25,MANUAL,41.17,508.5,,,0,0,0,false,IT
4bb48491-ee9d-42b6-8083-85e2307ae3d8,2021-03-31T19:56:02Z,ECOMMERCE,25,MANUAL,41.17,508.5,,,0,0,0,false,IT
4bb48491-ee9d-42b6-8083-85e2307ae3d8,2021-03-31T19:56:02Z,ECOMMERCE,25,MANUAL,41.17,508.5,,,0,0,0,false,IT
4bb48491-ee9d-42b6-8083-85e2307ae3d8,2021-03-31T19:56:02Z,ECOMMERCE,25,MANUAL,41.17,508.5,,,0,0,0,false,IT
4bb48491-ee9d-42b6-8083-85e2307ae3d8,2021-03-31T19:56:02Z,ECOMMERCE,25,MANUAL,41.17,508.5,,,0,0,0,false,IT
4bb48491-ee9d-42b6-8083-85e2307ae3d8,2021-03-31T19:56:02Z,ECOMMERCE,25,MANUAL,41.17,508.5,,,0,0,0,false,IT
4bb48491-ee9d-42b6-8083-85e2307ae3d8,2021-03-31T19:56:02Z,ECOMMERCE,25,MANUAL,41.17,508.5,,,0,0,0,false,IT
4bb48491-ee9d-42b6-8083-85e2307ae3d8,2021-03-31T19:56:02Z,ECOMMERCE,25,MANUAL,41.17,508.5,,,0,0,0,false,IT
4bb48491-ee9d-42b6-8083-85e2307ae3d8,2021-03-31T19:56:02Z,ECOMMERCE,25,MANUAL,41.17,508.5,,,0,0,0,false,IT
4bb48491-ee9d-42b6-8083-85e2307ae3d8,2021-03-31T19:56:02Z,ECOMMERCE,25,MANUAL,41.17,508.5,,,0,0,0,false,IT
4bb48491-ee9d-42b6-8083-85e2307ae3d8,2021-03-31T19:56:02Z,ECOMMERCE,25,MANUAL,41.17,508.5,,,0,0,0,false,IT
4bb48491-ee9d-42b6-8083-85e2307ae3d8,2021-03-31T19:56:02Z,ECOMMERCE,25,MANUAL,41.17,508.5,,,0,0,0,false,IT
763d9b89-c768-45fc-8ffb-d80326ebd875,2021-01-03T08:16:56Z,ECOMMERCE,25,CARD_ON_FILE,99.99,5972.58,CA,06,0,0,0,false,US
763d9b89-c768-45fc-8ffb-d80326ebd875,2021-01-03T08:16:56Z,ECOMMERCE,25,CARD_ON_FILE,99.99,5972.58,CA,06,0,0,0,false,US
763d9b89-c768-45fc-8ffb-d80326ebd875,2021-01-03T08:16:56Z,ECOMMERCE,25,CARD_ON_FILE,99.99,5972.58,CA,06,0,0,0,false,US
763d9b89-c768-45fc-8ffb-d80326ebd875,2021-01-03T08:16:56Z,ECOMMERCE,25,CARD_ON_FILE,99.99,5972.58,CA,06,0,0,0,false,US
f08b87c9-bffc-4470-bd8b-d5044209ad02,2021-03-31T19:53:36Z,ECOMMERCE,24,MANUAL,56.46,549.67,,,0,0,0,false,IT
f08b87c9-bffc-4470-bd8b-d5044209ad02,2021-03-31T19:53:36Z,ECOMMERCE,24,MANUAL,56.46,549.67,,,0,0,0,false,IT
f08b87c9-bffc-4470-bd8b-d5044209ad02,2021-03-31T19:53:36Z,ECOMMERCE,24,MANUAL,56.46,549.67,,,0,0,0,false,IT
f08b87c9-bffc-4470-bd8b-d5044209ad02,2021-03-31T19:53:36Z,ECOMMERCE,24,MANUAL,56.46,549.67,,,0,0,0,false,IT
f08b87c9-bffc-4470-bd8b-d5044209ad02,2021-03-31T19:53:36Z,ECOMMERCE,24,MANUAL,56.46,549.67,,,0,0,0,false,IT
f08b87c9-bffc-4470-bd8b-d5044209ad02,2021-03-31T19:53:36Z,ECOMMERCE,24,MANUAL,56.46,549.67,,,0,0,0,false,IT
f08b87c9-bffc-4470-bd8b-d5044209ad02,2021-03-31T19:53:36Z,ECOMMERCE,24,MANUAL,56.46,549.67,,,0,0,0,false,IT
f08b87c9-bffc-4470-bd8b-d5044209ad02,2021-03-31T19:53:36Z,ECOMMERCE,24,MANUAL,56.46,549.67,,,0,0,0,false,IT
f08b87c9-bffc-4470-bd8b-d5044209ad02,2021-03-31T19:53:36Z,ECOMMERCE,24,MANUAL,56.46,549.67,,,0,0,0,false,IT
f08b87c9-bffc-4470-bd8b-d5044209ad02,2021-03-31T19:53:36Z,ECOMMERCE,24,MANUAL,56.46,549.67,,,0,0,0,false,IT
f08b87c9-bffc-4470-bd8b-d5044209ad02,2021-03-31T19:53:36Z,ECOMMERCE,24,MANUAL,56.46,549.67,,,0,0,0,false,IT
f08b87c9-bffc-4470-bd8b-d5044209ad02,2021-03-31T19:53:36Z,ECOMMERCE,24,MANUAL,56.46,549.67,,,0,0,0,false,IT
dd42698b-105a-4e39-a196-842d94a33a88,2020-03-21T02:37:42Z,ECOMMERCE,24,MANUAL,412.38,2776.17,CA,06,0,0,0,false,US
4d72013b-05c2-48f1-a357-90d1638a202e,2020-12-25T18:50:08Z,ECOMMERCE,24,CARD_ON_FILE,99.99,5504.4,CA,06,0,0,0,false,US
4d72013b-05c2-48f1-a357-90d1638a202e,2020-12-25T18:50:08Z,ECOMMERCE,24,CARD_ON_FILE,99.99,5504.4,CA,06,0,0,0,false,US
4d72013b-05c2-48f1-a357-90d1638a202e,2020-12-25T18:50:08Z,ECOMMERCE,24,CARD_ON_FILE,99.99,5504.4,CA,06,0,0,0,false,US
daf3bff3-3664-46a5-adf5-e56fdba81874,2021-01-13T17:12:02Z,ECOMMERCE,24,CARD_ON_FILE,99.99,2835.01,CA,06,0,0,0,false,US
e1a4a61d-58a1-45de-9dc0-3f5a2dc5c42c,2020-12-31T15:57:35Z,ECOMMERCE,24,CARD_ON_FILE,99.99,2836.69,CA,06,0,0,0,false,US
e1a4a61d-58a1-45de-9dc0-3f5a2dc5c42c,2020-12-31T15:57:35Z,ECOMMERCE,24,CARD_ON_FILE,99.99,2836.69,CA,06,0,0,0,false,US
56482a9d-cb05-4507-8f38-330e87aaf2e9,2021-01-18T20:25:32Z,ECOMMERCE,23,MANUAL,129.13,9.0,NV,32,0,0,0,false,US
4b1d3580-d004-4529-9d45-94bb21e8632c,2021-01-02T04:15:08Z,ECOMMERCE,23,CARD_ON_FILE,99.99,6147.07,CA,06,0,0,0,false,US
6ff91424-cc35-4cb5-803a-b9075a28a3b6,2021-01-03T01:17:40Z,ECOMMERCE,23,CARD_ON_FILE,99.99,6673.49,CA,06,0,0,0,false,US
6ff91424-cc35-4cb5-803a-b9075a28a3b6,2021-01-03T01:17:40Z,ECOMMERCE,23,CARD_ON_FILE,99.99,6673.49,CA,06,0,0,0,false,US
6ff91424-cc35-4cb5-803a-b9075a28a3b6,2021-01-03T01:17:40Z,ECOMMERCE,23,CARD_ON_FILE,99.99,6673.49,CA,06,0,0,0,false,US
6ff91424-cc35-4cb5-803a-b9075a28a3b6,2021-01-03T01:17:40Z,ECOMMERCE,23,CARD_ON_FILE,99.99,6673.49,CA,06,0,0,0,false,US
e32cd1cf-12eb-44e1-bd48-10a1329b42b3,2020-12-25T06:21:17Z,ECOMMERCE,23,CARD_ON_FILE,104.98,5704.38,CA,06,0,0,0,false,US
e32cd1cf-12eb-44e1-bd48-10a1329b42b3,2020-12-25T06:21:17Z,ECOMMERCE,23,CARD_ON_FILE,104.98,5704.38,CA,06,0,0,0,false,US
e32cd1cf-12eb-44e1-bd48-10a1329b42b3,2020-12-25T06:21:17Z,ECOMMERCE,23,CARD_ON_FILE,104.98,5704.38,CA,06,0,0,0,false,US
a9cd22e4-8798-46c4-bd9b-d18eb37175dc,2020-12-31T22:37:12Z,ECOMMERCE,23,CARD_ON_FILE,99.99,2721.74,CA,06,0,0,0,false,US
a9cd22e4-8798-46c4-bd9b-d18eb37175dc,2020-12-31T22:37:12Z,ECOMMERCE,23,CARD_ON_FILE,99.99,2721.74,CA,06,0,0,0,false,US
09d7b001-7f24-44c6-a5a2-4e0115adae76,2021-01-06T18:27:41Z,ECOMMERCE,22,CARD_ON_FILE,99.99,1609.28,CA,06,0,0,0,false,US
09d7b001-7f24-44c6-a5a2-4e0115adae76,2021-01-06T18:27:41Z,ECOMMERCE,22,CARD_ON_FILE,99.99,1609.28,CA,06,0,0,0,false,US
09d7b001-7f24-44c6-a5a2-4e0115adae76,2021-01-06T18:27:41Z,ECOMMERCE,22,CARD_ON_FILE,99.99,1609.28,CA,06,0,0,0,false,US
6fdbcae8-fda0-484b-9e12-12f80f46ef65,2020-12-25T18:01:27Z,ECOMMERCE,22,CARD_ON_FILE,99.99,5604.39,CA,06,0,0,0,false,US
6fdbcae8-fda0-484b-9e12-12f80f46ef65,2020-12-25T18:01:27Z,ECOMMERCE,22,CARD_ON_FILE,99.99,5604.39,CA,06,0,0,0,false,US
6fdbcae8-fda0-484b-9e12-12f80f46ef65,2020-12-25T18:01:27Z,ECOMMERCE,22,CARD_ON_FILE,99.99,5604.39,CA,06,0,0,0,false,US
9bc6cf4f-d689-4720-bbf9-9bde6258130c,2021-01-23T20:17:41Z,ECOMMERCE,22,CARD_ON_FILE,99.99,2087.99,CA,06,0,0,0,false,US
9bc6cf4f-d689-4720-bbf9-9bde6258130c,2021-01-23T20:17:41Z,ECOMMERCE,22,CARD_ON_FILE,99.99,2087.99,CA,06,0,0,0,false,US
9bc6cf4f-d689-4720-bbf9-9bde6258130c,2021-01-23T20:17:41Z,ECOMMERCE,22,CARD_ON_FILE,99.99,2087.99,CA,06,0,0,0,false,US
2d53a6b2-6953-46c3-84ec-e3d0dd9e52a8,2021-01-15T16:33:41Z,ECOMMERCE,21,CARD_ON_FILE,99.99,3056.22,CA,06,0,0,0,false,US
2d53a6b2-6953-46c3-84ec-e3d0dd9e52a8,2021-01-15T16:33:41Z,ECOMMERCE,21,CARD_ON_FILE,99.99,3056.22,CA,06,0,0,0,false,US
2d53a6b2-6953-46c3-84ec-e3d0dd9e52a8,2021-01-15T16:33:41Z,ECOMMERCE,21,CARD_ON_FILE,99.99,3056.22,CA,06,0,0,0,false,US
61c8ab7a-6841-49af-a59f-0fd29f5b6a55,2020-12-24T04:14:07Z,ECOMMERCE,21,CARD_ON_FILE,99.99,3870.46,CA,06,0,0,0,false,US
61c8ab7a-6841-49af-a59f-0fd29f5b6a55,2020-12-24T04:14:07Z,ECOMMERCE,21,CARD_ON_FILE,99.99,3870.46,CA,06,0,0,0,false,US
61c8ab7a-6841-49af-a59f-0fd29f5b6a55,2020-12-24T04:14:07Z,ECOMMERCE,21,CARD_ON_FILE,99.99,3870.46,CA,06,0,0,0,false,US
15c855f0-16c2-4af5-b5ba-51b8c2b9554c,2021-01-11T02:07:37Z,ECOMMERCE,21,CARD_ON_FILE,49.99,3510.38,CA,06,0,0,0,false,US
15c855f0-16c2-4af5-b5ba-51b8c2b9554c,2021-01-11T02:07:37Z,ECOMMERCE,21,CARD_ON_FILE,49.99,3510.38,CA,06,0,0,0,false,US
f504d1f9-3dc2-48ef-8f3d-6ad2944d7da8,2021-03-07T08:23:50Z,MOTO,20,CARD_ON_FILE,178.2,665.01,CA,06,0,0,0,false,US
a85f802e-cb5f-4484-88d2-b3a3c5377e45,2021-12-24T00:01:40Z,MOTO,20,MANUAL,1417.19,0.0,NV,32,0,0,0,false,US
860066ab-9fd0-4802-a51e-2ebfab21da40,2021-01-24T17:56:41Z,ECOMMERCE,20,CARD_ON_FILE,104.98,3590.63,CA,06,0,0,0,false,US
860066ab-9fd0-4802-a51e-2ebfab21da40,2021-01-24T17:56:41Z,ECOMMERCE,20,CARD_ON_FILE,104.98,3590.63,CA,06,0,0,0,false,US
860066ab-9fd0-4802-a51e-2ebfab21da40,2021-01-24T17:56:41Z,ECOMMERCE,20,CARD_ON_FILE,104.98,3590.63,CA,06,0,0,0,false,US
860066ab-9fd0-4802-a51e-2ebfab21da40,2021-01-24T17:56:41Z,ECOMMERCE,20,CARD_ON_FILE,104.98,3590.63,CA,06,0,0,0,false,US
860066ab-9fd0-4802-a51e-2ebfab21da40,2021-01-24T17:56:41Z,ECOMMERCE,20,CARD_ON_FILE,104.98,3590.63,CA,06,0,0,0,false,US
860066ab-9fd0-4802-a51e-2ebfab21da40,2021-01-24T17:56:41Z,ECOMMERCE,20,CARD_ON_FILE,104.98,3590.63,CA,06,0,0,0,false,US
860066ab-9fd0-4802-a51e-2ebfab21da40,2021-01-24T17:56:41Z,ECOMMERCE,20,CARD_ON_FILE,104.98,3590.63,CA,06,0,0,0,false,US
1a29f4cd-ede4-466c-80f2-486a8f303ec7,2021-01-25T06:37:00Z,ECOMMERCE,20,CARD_ON_FILE,99.99,1724.06,CA,06,0,0,0,false,US
1a29f4cd-ede4-466c-80f2-486a8f303ec7,2021-01-25T06:37:00Z,ECOMMERCE,20,CARD_ON_FILE,99.99,1724.06,CA,06,0,0,0,false,US
31e4d8dd-640c-4c60-b486-d06a7336e0a0,2020-07-12T02:55:49Z,ECOMMERCE,20,MANUAL,48.81,6452.6,GA,13,0,0,1,false,US
c3c831e3-c517-4023-83ea-cf372e19ca82,2020-07-12T18:56:28Z,ECOMMERCE,20,MANUAL,49.16,6598.66,GA,13,0,0,1,false,US
6bc17afe-60ff-437a-aa6e-cd0737247ba4,2020-07-12T05:04:16Z,ECOMMERCE,20,MANUAL,28.05,5814.63,GA,13,0,0,1,false,US
814e19c3-5667-4d4b-96cd-cb10601b15c3,2020-12-29T14:46:35Z,ECOMMERCE,20,CARD_ON_FILE,99.99,3370.68,CA,06,0,0,0,false,US
b79e0fb5-c0b2-4557-b25f-8dea2e665f59,2021-01-25T02:01:37Z,ECOMMERCE,2,CARD_ON_FILE,4.99,3328.59,CA,06,0,0,0,false,US
b79e0fb5-c0b2-4557-b25f-8dea2e665f59,2021-01-25T02:01:37Z,ECOMMERCE,2,CARD_ON_FILE,4.99,3328.59,CA,06,0,0,0,false,US
b79e0fb5-c0b2-4557-b25f-8dea2e665f59,2021-01-25T02:01:37Z,ECOMMERCE,2,CARD_ON_FILE,4.99,3328.59,CA,06,0,0,0,false,US
b79e0fb5-c0b2-4557-b25f-8dea2e665f59,2021-01-25T02:01:37Z,ECOMMERCE,2,CARD_ON_FILE,4.99,3328.59,CA,06,0,0,0,false,US
b79e0fb5-c0b2-4557-b25f-8dea2e665f59,2021-01-25T02:01:37Z,ECOMMERCE,2,CARD_ON_FILE,4.99,3328.59,CA,06,0,0,0,false,US
b79e0fb5-c0b2-4557-b25f-8dea2e665f59,2021-01-25T02:01:37Z,ECOMMERCE,2,CARD_ON_FILE,4.99,3328.59,CA,06,0,0,0,false,US
b79e0fb5-c0b2-4557-b25f-8dea2e665f59,2021-01-25T02:01:37Z,ECOMMERCE,2,CARD_ON_FILE,4.99,3328.59,CA,06,0,0,0,false,US
5699a9e7-8dca-4afc-b4ac-0996c6221b1b,2021-01-12T03:29:21Z,ECOMMERCE,2,CARD_ON_FILE,9.99,3404.81,CA,06,0,0,0,false,US
5699a9e7-8dca-4afc-b4ac-0996c6221b1b,2021-01-12T03:29:21Z,ECOMMERCE,2,CARD_ON_FILE,9.99,3404.81,CA,06,0,0,0,false,US
5699a9e7-8dca-4afc-b4ac-0996c6221b1b,2021-01-12T03:29:21Z,ECOMMERCE,2,CARD_ON_FILE,9.99,3404.81,CA,06,0,0,0,false,US
89cbbf1d-0d82-4c31-ab99-a3c251ae52db,2021-01-19T03:19:06Z,ECOMMERCE,2,CARD_ON_FILE,4.99,2602.78,CA,06,0,0,0,false,US
89cbbf1d-0d82-4c31-ab99-a3c251ae52db,2021-01-19T03:19:06Z,ECOMMERCE,2,CARD_ON_FILE,4.99,2602.78,CA,06,0,0,0,false,US
89cbbf1d-0d82-4c31-ab99-a3c251ae52db,2021-01-19T03:19:06Z,ECOMMERCE,2,CARD_ON_FILE,4.99,2602.78,CA,06,0,0,0,false,US
89cbbf1d-0d82-4c31-ab99-a3c251ae52db,2021-01-19T03:19:06Z,ECOMMERCE,2,CARD_ON_FILE,4.99,2602.78,CA,06,0,0,0,false,US
89cbbf1d-0d82-4c31-ab99-a3c251ae52db,2021-01-19T03:19:06Z,ECOMMERCE,2,CARD_ON_FILE,4.99,2602.78,CA,06,0,0,0,false,US
490c3c4f-0e30-4a30-8f66-c404a660440d,2021-01-10T21:04:55Z,ECOMMERCE,2,CARD_ON_FILE,11.99,3510.14,CA,06,0,0,0,false,US
490c3c4f-0e30-4a30-8f66-c404a660440d,2021-01-10T21:04:55Z,ECOMMERCE,2,CARD_ON_FILE,11.99,3510.14,CA,06,0,0,0,false,US
490c3c4f-0e30-4a30-8f66-c404a660440d,2021-01-10T21:04:55Z,ECOMMERCE,2,CARD_ON_FILE,11.99,3510.14,CA,06,0,0,0,false,US
2eccceb1-aabb-4831-b3be-40a176c6a12d,2021-01-21T18:53:19Z,ECOMMERCE,2,CARD_ON_FILE,14.99,2183.15,CA,06,0,0,0,false,US
2eccceb1-aabb-4831-b3be-40a176c6a12d,2021-01-21T18:53:19Z,ECOMMERCE,2,CARD_ON_FILE,14.99,2183.15,CA,06,0,0,0,false,US
2eccceb1-aabb-4831-b3be-40a176c6a12d,2021-01-21T18:53:19Z,ECOMMERCE,2,CARD_ON_FILE,14.99,2183.15,CA,06,0,0,0,false,US
2eccceb1-aabb-4831-b3be-40a176c6a12d,2021-01-21T18:53:19Z,ECOMMERCE,2,CARD_ON_FILE,14.99,2183.15,CA,06,0,0,0,false,US
2eccceb1-aabb-4831-b3be-40a176c6a12d,2021-01-21T18:53:19Z,ECOMMERCE,2,CARD_ON_FILE,14.99,2183.15,CA,06,0,0,0,false,US
bd672e5e-3be1-4f01-a900-f7a90f2ac473,2021-01-19T21:36:56Z,ECOMMERCE,2,CARD_ON_FILE,9.99,3177.11,CA,06,0,0,0,false,US
bd672e5e-3be1-4f01-a900-f7a90f2ac473,2021-01-19T21:36:56Z,ECOMMERCE,2,CARD_ON_FILE,9.99,3177.11,CA,06,0,0,0,false,US
6741f5df-1ec1-40e6-acd9-694a7f396ac2,2021-01-05T01:44:56Z,ECOMMERCE,2,CARD_ON_FILE,15.08,30286.76,MA,25,0,0,0,false,US
a0c6cb5f-dbc3-4ef6-ad8a-b9f7a32f210c,2020-04-07T22:54:59Z,ECOMMERCE,19,MANUAL,354.0,350.00,MS,28,0,0,0,false,US
be00171e-2d31-488e-9af4-6ded419719a9,2020-12-24T19:43:29Z,ECOMMERCE,19,CARD_ON_FILE,99.99,3359.65,CA,06,0,0,0,false,US
be00171e-2d31-488e-9af4-6ded419719a9,2020-12-24T19:43:29Z,ECOMMERCE,19,CARD_ON_FILE,99.99,3359.65,CA,06,0,0,0,false,US
be00171e-2d31-488e-9af4-6ded419719a9,2020-12-24T19:43:29Z,ECOMMERCE,19,CARD_ON_FILE,99.99,3359.65,CA,06,0,0,0,false,US
d3d486f7-465b-4117-b9d9-da4a5c26d1c6,2021-01-16T20:36:19Z,ECOMMERCE,19,CARD_ON_FILE,99.99,2801.7,CA,06,0,0,0,false,US
d3d486f7-465b-4117-b9d9-da4a5c26d1c6,2021-01-16T20:36:19Z,ECOMMERCE,19,CARD_ON_FILE,99.99,2801.7,CA,06,0,0,0,false,US
d3d486f7-465b-4117-b9d9-da4a5c26d1c6,2021-01-16T20:36:19Z,ECOMMERCE,19,CARD_ON_FILE,99.99,2801.7,CA,06,0,0,0,false,US
d3d486f7-465b-4117-b9d9-da4a5c26d1c6,2021-01-16T20:36:19Z,ECOMMERCE,19,CARD_ON_FILE,99.99,2801.7,CA,06,0,0,0,false,US
d3d486f7-465b-4117-b9d9-da4a5c26d1c6,2021-01-16T20:36:19Z,ECOMMERCE,19,CARD_ON_FILE,99.99,2801.7,CA,06,0,0,0,false,US
b7024a16-4521-4d35-9db9-c0c26af76e14,2020-07-12T19:03:35Z,ECOMMERCE,19,MANUAL,34.8,6320.69,GA,13,0,0,1,false,US
c7496f6e-6771-422c-b50e-ca4a02d06516,2020-12-28T21:35:05Z,ECOMMERCE,19,CARD_ON_FILE,99.99,4531.28,CA,06,0,0,0,false,US
490cf2d0-ea4a-4ad3-8338-afd3940c57f4,2021-01-14T18:52:20Z,ECOMMERCE,18,CARD_ON_FILE,99.99,2305.2,CA,06,0,0,0,false,US
490cf2d0-ea4a-4ad3-8338-afd3940c57f4,2021-01-14T18:52:20Z,ECOMMERCE,18,CARD_ON_FILE,99.99,2305.2,CA,06,0,0,0,false,US
490cf2d0-ea4a-4ad3-8338-afd3940c57f4,2021-01-14T18:52:20Z,ECOMMERCE,18,CARD_ON_FILE,99.99,2305.2,CA,06,0,0,0,false,US
490cf2d0-ea4a-4ad3-8338-afd3940c57f4,2021-01-14T18:52:20Z,ECOMMERCE,18,CARD_ON_FILE,99.99,2305.2,CA,06,0,0,0,false,US
490cf2d0-ea4a-4ad3-8338-afd3940c57f4,2021-01-14T18:52:20Z,ECOMMERCE,18,CARD_ON_FILE,99.99,2305.2,CA,06,0,0,0,false,US
490cf2d0-ea4a-4ad3-8338-afd3940c57f4,2021-01-14T18:52:20Z,ECOMMERCE,18,CARD_ON_FILE,99.99,2305.2,CA,06,0,0,0,false,US
86314aff-722f-44f3-9ad0-596a9f6a8a94,2021-01-24T21:27:09Z,ECOMMERCE,18,CARD_ON_FILE,99.99,3333.58,CA,06,0,0,0,false,US
86314aff-722f-44f3-9ad0-596a9f6a8a94,2021-01-24T21:27:09Z,ECOMMERCE,18,CARD_ON_FILE,99.99,3333.58,CA,06,0,0,0,false,US
86314aff-722f-44f3-9ad0-596a9f6a8a94,2021-01-24T21:27:09Z,ECOMMERCE,18,CARD_ON_FILE,99.99,3333.58,CA,06,0,0,0,false,US
86314aff-722f-44f3-9ad0-596a9f6a8a94,2021-01-24T21:27:09Z,ECOMMERCE,18,CARD_ON_FILE,99.99,3333.58,CA,06,0,0,0,false,US
86314aff-722f-44f3-9ad0-596a9f6a8a94,2021-01-24T21:27:09Z,ECOMMERCE,18,CARD_ON_FILE,99.99,3333.58,CA,06,0,0,0,false,US
86314aff-722f-44f3-9ad0-596a9f6a8a94,2021-01-24T21:27:09Z,ECOMMERCE,18,CARD_ON_FILE,99.99,3333.58,CA,06,0,0,0,false,US
86314aff-722f-44f3-9ad0-596a9f6a8a94,2021-01-24T21:27:09Z,ECOMMERCE,18,CARD_ON_FILE,99.99,3333.58,CA,06,0,0,0,false,US
f579354d-5914-42f3-9ef9-77bb120ef375,2021-01-15T16:03:58Z,ECOMMERCE,18,CARD_ON_FILE,104.98,3156.21,CA,06,0,0,0,false,US
f579354d-5914-42f3-9ef9-77bb120ef375,2021-01-15T16:03:58Z,ECOMMERCE,18,CARD_ON_FILE,104.98,3156.21,CA,06,0,0,0,false,US
f579354d-5914-42f3-9ef9-77bb120ef375,2021-01-15T16:03:58Z,ECOMMERCE,18,CARD_ON_FILE,104.98,3156.21,CA,06,0,0,0,false,US
454d5282-e5a8-4039-b39f-9ff1a750eeab,2021-01-21T17:34:18Z,ECOMMERCE,18,CARD_ON_FILE,99.99,1882.23,CA,06,0,0,0,false,US
454d5282-e5a8-4039-b39f-9ff1a750eeab,2021-01-21T17:34:18Z,ECOMMERCE,18,CARD_ON_FILE,99.99,1882.23,CA,06,0,0,0,false,US
454d5282-e5a8-4039-b39f-9ff1a750eeab,2021-01-21T17:34:18Z,ECOMMERCE,18,CARD_ON_FILE,99.99,1882.23,CA,06,0,0,0,false,US
454d5282-e5a8-4039-b39f-9ff1a750eeab,2021-01-21T17:34:18Z,ECOMMERCE,18,CARD_ON_FILE,99.99,1882.23,CA,06,0,0,0,false,US
454d5282-e5a8-4039-b39f-9ff1a750eeab,2021-01-21T17:34:18Z,ECOMMERCE,18,CARD_ON_FILE,99.99,1882.23,CA,06,0,0,0,false,US
efa3f6b7-606e-4c41-8a97-76d31499fed1,2020-07-13T02:34:38Z,ECOMMERCE,18,MANUAL,27.53,4297.42,GA,13,0,0,1,false,US
88a74aaa-c9e0-4dae-a2ef-1a9f01155f17,2020-07-12T14:49:36Z,ECOMMERCE,18,MANUAL,28.04,5675.13,GA,13,0,0,1,false,US
821da6d1-38c0-4460-900b-5e3005e5511c,2021-01-03T07:24:35Z,ECOMMERCE,17,CARD_ON_FILE,31.95,6072.57,CA,06,0,0,0,false,US
821da6d1-38c0-4460-900b-5e3005e5511c,2021-01-03T07:24:35Z,ECOMMERCE,17,CARD_ON_FILE,31.95,6072.57,CA,06,0,0,0,false,US
821da6d1-38c0-4460-900b-5e3005e5511c,2021-01-03T07:24:35Z,ECOMMERCE,17,CARD_ON_FILE,31.95,6072.57,CA,06,0,0,0,false,US
821da6d1-38c0-4460-900b-5e3005e5511c,2021-01-03T07:24:35Z,ECOMMERCE,17,CARD_ON_FILE,31.95,6072.57,CA,06,0,0,0,false,US
6258009d-86d7-48dc-8291-cc62c183d272,2021-01-09T00:38:21Z,ECOMMERCE,17,CARD_ON_FILE,109.98,3352.07,CA,06,0,0,0,false,US
6258009d-86d7-48dc-8291-cc62c183d272,2021-01-09T00:38:21Z,ECOMMERCE,17,CARD_ON_FILE,109.98,3352.07,CA,06,0,0,0,false,US
6258009d-86d7-48dc-8291-cc62c183d272,2021-01-09T00:38:21Z,ECOMMERCE,17,CARD_ON_FILE,109.98,3352.07,CA,06,0,0,0,false,US
6258009d-86d7-48dc-8291-cc62c183d272,2021-01-09T00:38:21Z,ECOMMERCE,17,CARD_ON_FILE,109.98,3352.07,CA,06,0,0,0,false,US
b7335508-212a-4e97-ba8d-73e29b3110d2,2020-11-07T08:32:20Z,MOTO,17,CARD_ON_FILE,178.2,120.45,CA,06,0,0,0,false,US
9c38061f-d480-40e1-a7bf-15588b4ce3c7,2020-12-27T02:56:09Z,ECOMMERCE,17,CARD_ON_FILE,49.99,5775.39,CA,06,0,0,0,false,US
9c38061f-d480-40e1-a7bf-15588b4ce3c7,2020-12-27T02:56:09Z,ECOMMERCE,17,CARD_ON_FILE,49.99,5775.39,CA,06,0,0,0,false,US
9c38061f-d480-40e1-a7bf-15588b4ce3c7,2020-12-27T02:56:09Z,ECOMMERCE,17,CARD_ON_FILE,49.99,5775.39,CA,06,0,0,0,false,US
9c38061f-d480-40e1-a7bf-15588b4ce3c7,2020-12-27T02:56:09Z,ECOMMERCE,17,CARD_ON_FILE,49.99,5775.39,CA,06,0,0,0,false,US
720d61e5-3a71-424a-a356-18aac351265a,2020-07-10T18:30:20Z,ECOMMERCE,17,MANUAL,27.89,5563.89,GA,13,0,0,1,false,US
9115b467-21fc-4d46-bef8-3072afb34b1d,2021-01-18T16:34:09Z,ECOMMERCE,17,CARD_ON_FILE,99.99,1966.67,CA,06,0,0,0,false,US
9115b467-21fc-4d46-bef8-3072afb34b1d,2021-01-18T16:34:09Z,ECOMMERCE,17,CARD_ON_FILE,99.99,1966.67,CA,06,0,0,0,false,US
461327ce-5b22-4b5f-a486-b233b7511b89,2021-01-05T15:59:25Z,ECOMMERCE,17,CARD_ON_FILE,203.98,30405.85,MA,25,0,0,0,false,US
ce0cf52f-8fa8-4cfb-85fa-a46e3268da6e,2021-01-23T02:01:42Z,ECOMMERCE,17,CARD_ON_FILE,99.99,2864.55,CA,06,0,0,0,false,US
ce0cf52f-8fa8-4cfb-85fa-a46e3268da6e,2021-01-23T02:01:42Z,ECOMMERCE,17,CARD_ON_FILE,99.99,2864.55,CA,06,0,0,0,false,US
ce0cf52f-8fa8-4cfb-85fa-a46e3268da6e,2021-01-23T02:01:42Z,ECOMMERCE,17,CARD_ON_FILE,99.99,2864.55,CA,06,0,0,0,false,US
d52bcc54-4c55-4963-b0f1-c601eb8f9379,2021-02-02T14:43:00Z,ECOMMERCE,16,MANUAL,119.95,3479.66,CA,06,0,0,0,false,US
b7688d95-f6b6-4185-9dc9-e571b4b38d02,2020-12-26T17:13:45Z,ECOMMERCE,16,CARD_ON_FILE,99.99,5686.78,CA,06,0,0,0,false,US
4038fabd-b239-40cb-ac19-f53248f9ce64,2020-12-07T08:41:53Z,MOTO,16,CARD_ON_FILE,178.2,719.76,CA,06,0,0,0,false,US
01ea1890-c416-4cfe-81a7-5119b0e8cec3,2021-01-12T17:01:08Z,ECOMMERCE,16,CARD_ON_FILE,99.99,2752.37,CA,06,0,0,0,false,US
01ea1890-c416-4cfe-81a7-5119b0e8cec3,2021-01-12T17:01:08Z,ECOMMERCE,16,CARD_ON_FILE,99.99,2752.37,CA,06,0,0,0,false,US
01ea1890-c416-4cfe-81a7-5119b0e8cec3,2021-01-12T17:01:08Z,ECOMMERCE,16,CARD_ON_FILE,99.99,2752.37,CA,06,0,0,0,false,US
726345fe-e0ef-4247-b8e0-7fda19388d7f,2021-05-31T10:19:28Z,MOTO,16,CARD_ON_FILE,67.0,1568.28,,,0,0,0,false,GB
b9cf488c-f4ef-4e2c-a4b1-b0d2153eac3a,2020-07-12T04:54:38Z,ECOMMERCE,16,MANUAL,27.59,4735.08,GA,13,0,0,1,false,US
439da9c8-cdfe-432b-b53b-ac02d483e7d4,2020-07-12T06:51:01Z,ECOMMERCE,16,MANUAL,28.05,5730.74,GA,13,0,0,1,false,US
6f83dcda-cbba-49b3-9a46-9cd63612e505,2020-07-12T06:52:16Z,ECOMMERCE,16,MANUAL,28.11,5954.63,GA,13,0,0,1,false,US
640f5c9c-e15f-46a3-98af-bfcd2a8a4cb1,2020-07-10T23:20:16Z,ECOMMERCE,16,MANUAL,48.3,6355.49,GA,13,0,0,1,false,US
094de336-c480-46ef-b66c-035288f9a95d,2020-07-10T18:29:02Z,ECOMMERCE,16,MANUAL,28.27,6151.58,GA,13,0,0,1,false,US
3c4d2f96-3a32-4bc5-8b67-7723bb163729,2021-01-12T15:18:27Z,ECOMMERCE,15,CARD_ON_FILE,109.97,2607.78,CA,06,0,0,0,false,US
3c4d2f96-3a32-4bc5-8b67-7723bb163729,2021-01-12T15:18:27Z,ECOMMERCE,15,CARD_ON_FILE,109.97,2607.78,CA,06,0,0,0,false,US
3c4d2f96-3a32-4bc5-8b67-7723bb163729,2021-01-12T15:18:27Z,ECOMMERCE,15,CARD_ON_FILE,109.97,2607.78,CA,06,0,0,0,false,US
ed025d8a-9256-4371-b4fe-7cdc36c8a52a,2021-01-09T17:08:40Z,ECOMMERCE,15,CARD_ON_FILE,105.97,2517.58,CA,06,0,0,0,false,US
ed025d8a-9256-4371-b4fe-7cdc36c8a52a,2021-01-09T17:08:40Z,ECOMMERCE,15,CARD_ON_FILE,105.97,2517.58,CA,06,0,0,0,false,US
ed025d8a-9256-4371-b4fe-7cdc36c8a52a,2021-01-09T17:08:40Z,ECOMMERCE,15,CARD_ON_FILE,105.97,2517.58,CA,06,0,0,0,false,US
ed025d8a-9256-4371-b4fe-7cdc36c8a52a,2021-01-09T17:08:40Z,ECOMMERCE,15,CARD_ON_FILE,105.97,2517.58,CA,06,0,0,0,false,US
9645c8bc-553a-4388-9c67-54b5cfdc5fd7,2020-12-24T18:52:14Z,ECOMMERCE,15,CARD_ON_FILE,99.99,3459.64,CA,06,0,0,0,false,US
c7007306-6b84-4211-8726-57b6733636d7,2020-12-24T03:46:37Z,ECOMMERCE,15,CARD_ON_FILE,109.98,3970.45,CA,06,0,0,0,false,US
9645c8bc-553a-4388-9c67-54b5cfdc5fd7,2020-12-24T18:52:14Z,ECOMMERCE,15,CARD_ON_FILE,99.99,3459.64,CA,06,0,0,0,false,US
c7007306-6b84-4211-8726-57b6733636d7,2020-12-24T03:46:37Z,ECOMMERCE,15,CARD_ON_FILE,109.98,3970.45,CA,06,0,0,0,false,US
9645c8bc-553a-4388-9c67-54b5cfdc5fd7,2020-12-24T18:52:14Z,ECOMMERCE,15,CARD_ON_FILE,99.99,3459.64,CA,06,0,0,0,false,US
c7007306-6b84-4211-8726-57b6733636d7,2020-12-24T03:46:37Z,ECOMMERCE,15,CARD_ON_FILE,109.98,3970.45,CA,06,0,0,0,false,US
c9be21cf-73df-4251-9c67-db5b5f97da9e,2020-12-27T20:15:31Z,ECOMMERCE,15,CARD_ON_FILE,99.99,4662.64,CA,06,0,0,0,false,US
c9be21cf-73df-4251-9c67-db5b5f97da9e,2020-12-27T20:15:31Z,ECOMMERCE,15,CARD_ON_FILE,99.99,4662.64,CA,06,0,0,0,false,US
c9be21cf-73df-4251-9c67-db5b5f97da9e,2020-12-27T20:15:31Z,ECOMMERCE,15,CARD_ON_FILE,99.99,4662.64,CA,06,0,0,0,false,US
c9be21cf-73df-4251-9c67-db5b5f97da9e,2020-12-27T20:15:31Z,ECOMMERCE,15,CARD_ON_FILE,99.99,4662.64,CA,06,0,0,0,false,US
f69b3876-0229-47f5-83e3-eed89a85b397,2020-07-12T16:24:22Z,ECOMMERCE,15,MANUAL,27.53,4324.95,GA,13,0,0,1,false,US
3865ad3b-f507-4faa-80f7-829061ff6abf,2020-07-12T03:59:33Z,ECOMMERCE,15,MANUAL,28.27,6095.04,GA,13,0,0,1,false,US
b9391cde-b374-4545-b513-dae96c42e8e7,2020-07-13T02:31:06Z,ECOMMERCE,15,MANUAL,28.11,5870.79,GA,13,0,0,1,false,US
7acd9f1e-ced0-4914-a128-2fe68f6e6b0f,2020-07-13T02:49:35Z,ECOMMERCE,15,MANUAL,28.24,6066.8,GA,13,0,0,1,false,US
2b00904b-a2c7-4844-be86-297519ec153a,2020-07-13T03:35:04Z,ECOMMERCE,15,MANUAL,48.86,6501.05,GA,13,0,0,1,false,US
fdf8aae1-41d0-4d0f-8102-d5ecda7e2ccb,2020-07-12T11:10:16Z,ECOMMERCE,15,MANUAL,209.79,7380.12,GA,13,0,0,1,false,US
fbb5beac-ff72-4ef0-8f04-63b97526030b,2020-07-12T03:22:16Z,ECOMMERCE,15,MANUAL,50.19,6795.75,GA,13,0,0,1,false,US
28b22530-2af7-4fd7-8441-de0d92ca3cd9,2020-07-12T02:58:16Z,ECOMMERCE,15,MANUAL,49.33,6647.41,GA,13,0,0,1,false,US
a4064e71-a579-41f0-9f47-bff1f89d0ed3,2021-02-14T15:57:42Z,MOTO,15,MANUAL,1684.0,2840.49,OH,39,0,0,0,false,US
90dd8cc5-1749-4311-af44-fceb5b50946e,2021-01-06T12:04:01Z,ECOMMERCE,15,CARD_ON_FILE,69.66,30318.92,MA,25,0,0,0,false,US
ccbeb0e0-9b82-417e-8345-56e82bf93097,2021-01-23T19:36:16Z,ECOMMERCE,15,CARD_ON_FILE,104.98,1777.95,CA,06,0,0,0,false,US
ccbeb0e0-9b82-417e-8345-56e82bf93097,2021-01-23T19:36:16Z,ECOMMERCE,15,CARD_ON_FILE,104.98,1777.95,CA,06,0,0,0,false,US
ccbeb0e0-9b82-417e-8345-56e82bf93097,2021-01-23T19:36:16Z,ECOMMERCE,15,CARD_ON_FILE,104.98,1777.95,CA,06,0,0,0,false,US
5515a115-23ce-4ae8-a0ea-126fc1a936fe,2021-01-14T21:24:45Z,ECOMMERCE,14,CARD_ON_FILE,99.99,2054.7,CA,06,0,0,0,false,US
5515a115-23ce-4ae8-a0ea-126fc1a936fe,2021-01-14T21:24:45Z,ECOMMERCE,14,CARD_ON_FILE,99.99,2054.7,CA,06,0,0,0,false,US
5515a115-23ce-4ae8-a0ea-126fc1a936fe,2021-01-14T21:24:45Z,ECOMMERCE,14,CARD_ON_FILE,99.99,2054.7,CA,06,0,0,0,false,US
5515a115-23ce-4ae8-a0ea-126fc1a936fe,2021-01-14T21:24:45Z,ECOMMERCE,14,CARD_ON_FILE,99.99,2054.7,CA,06,0,0,0,false,US
5515a115-23ce-4ae8-a0ea-126fc1a936fe,2021-01-14T21:24:45Z,ECOMMERCE,14,CARD_ON_FILE,99.99,2054.7,CA,06,0,0,0,false,US
5515a115-23ce-4ae8-a0ea-126fc1a936fe,2021-01-14T21:24:45Z,ECOMMERCE,14,CARD_ON_FILE,99.99,2054.7,CA,06,0,0,0,false,US
af574ee9-68b3-4349-89c0-5ad64c7e1506,2020-12-26T06:57:06Z,ECOMMERCE,14,CARD_ON_FILE,102.98,6962.24,CA,06,0,0,0,false,US
c533c54b-0f2d-4a25-9358-21a1753761b6,2020-09-19T17:48:19Z,ECOMMERCE,14,MANUAL,96.41,8551.84,IL,17,0,0,0,false,US
67c0bb7c-7371-46ed-84b9-d1def6c53946,2020-09-19T17:46:01Z,ECOMMERCE,14,MANUAL,97.49,8357.4,IL,17,0,0,0,false,US
ffaa0445-b518-419f-8883-458b3b6f5ef6,2020-09-19T17:43:22Z,ECOMMERCE,14,MANUAL,92.0,8648.25,IL,17,0,0,0,false,US
5ff751a3-d031-4d29-9163-bea4d2110e8c,2021-01-22T15:48:46Z,ECOMMERCE,14,CARD_ON_FILE,99.99,2146.99,CA,06,0,0,0,false,US
04d09a7a-1bc5-49b2-b49e-b71707493290,2021-01-10T16:16:50Z,ECOMMERCE,14,CARD_ON_FILE,32.97,3856.25,CA,06,0,0,0,false,US
04d09a7a-1bc5-49b2-b49e-b71707493290,2021-01-10T16:16:50Z,ECOMMERCE,14,CARD_ON_FILE,32.97,3856.25,CA,06,0,0,0,false,US
04d09a7a-1bc5-49b2-b49e-b71707493290,2021-01-10T16:16:50Z,ECOMMERCE,14,CARD_ON_FILE,32.97,3856.25,CA,06,0,0,0,false,US
b58c9858-0c6a-4cc0-821c-e96acc51a116,2021-01-17T03:12:31Z,ECOMMERCE,14,CARD_ON_FILE,99.99,2555.17,CA,06,0,0,0,false,US
b58c9858-0c6a-4cc0-821c-e96acc51a116,2021-01-17T03:12:31Z,ECOMMERCE,14,CARD_ON_FILE,99.99,2555.17,CA,06,0,0,0,false,US
b58c9858-0c6a-4cc0-821c-e96acc51a116,2021-01-17T03:12:31Z,ECOMMERCE,14,CARD_ON_FILE,99.99,2555.17,CA,06,0,0,0,false,US
65e83ebb-4e85-4704-88b8-9273d07aa508,2021-01-20T04:49:20Z,ECOMMERCE,14,CARD_ON_FILE,104.98,3067.86,CA,06,0,0,0,false,US
65e83ebb-4e85-4704-88b8-9273d07aa508,2021-01-20T04:49:20Z,ECOMMERCE,14,CARD_ON_FILE,104.98,3067.86,CA,06,0,0,0,false,US
04c2088a-8b8e-427c-a47b-5d80172c2e26,2020-07-12T05:21:02Z,ECOMMERCE,14,MANUAL,27.89,5536.01,GA,13,0,0,1,false,US
3bda400c-de0a-4261-b375-5722ab400955,2020-07-12T03:05:35Z,ECOMMERCE,14,MANUAL,49.16,6549.91,GA,13,0,0,1,false,US
a08d09a4-b180-4963-9c3d-915e4aaf480b,2020-07-12T05:13:51Z,ECOMMERCE,14,MANUAL,28.05,5702.69,GA,13,0,0,1,false,US
d37b7e7b-910b-49fa-9731-431c1162cc9a,2020-07-12T03:13:51Z,ECOMMERCE,14,MANUAL,154.41,7225.71,GA,13,0,0,1,false,US
526d36d6-4d30-4a4a-8d0f-75cf08ff0348,2020-07-12T15:08:22Z,ECOMMERCE,14,MANUAL,27.23,3860.4,GA,13,0,0,1,false,US
22b6cd5e-07df-4656-a492-1cd6c0272dd7,2020-07-13T04:26:39Z,ECOMMERCE,14,MANUAL,28.11,5898.41,GA,13,0,0,1,false,US
06515e0f-64c7-4ed1-91e6-d83a0894bfe9,2020-07-12T06:40:16Z,ECOMMERCE,14,MANUAL,27.79,5259.11,GA,13,0,0,1,false,US
4336ea47-8442-4825-9024-319e71825e82,2020-07-12T04:13:51Z,ECOMMERCE,14,MANUAL,28.11,5926.52,GA,13,0,0,1,false,US
5067306a-ab56-4271-8517-e2ee5d638675,2020-07-12T06:43:50Z,ECOMMERCE,14,MANUAL,27.92,5591.77,GA,13,0,0,1,false,US
28779882-7707-4fbd-9286-04ecbc9a7e01,2020-07-12T19:10:17Z,ECOMMERCE,14,MANUAL,65.48,6968.35,GA,13,0,0,1,false,US
72589542-ec65-4ff0-abb2-96c4fa6510c0,2020-07-12T03:55:50Z,ECOMMERCE,14,MANUAL,27.59,4679.9,GA,13,0,0,1,false,US
c9db4fbd-fdfd-429e-b51c-e9e2518eef03,2020-07-12T03:57:02Z,ECOMMERCE,14,MANUAL,27.53,4489.05,GA,13,0,0,1,false,US
d9d07a46-ebc7-44c1-bba8-6d40f3e380f6,2021-01-23T22:15:38Z,ECOMMERCE,13,CARD_ON_FILE,99.99,4563.66,CA,06,0,0,0,false,US
c66c5fae-f9a0-44bf-8025-ef401fa1cd2f,2021-01-24T21:00:59Z,ECOMMERCE,13,CARD_ON_FILE,99.99,3433.57,CA,06,0,0,0,false,US
d9d07a46-ebc7-44c1-bba8-6d40f3e380f6,2021-01-23T22:15:38Z,ECOMMERCE,13,CARD_ON_FILE,99.99,4563.66,CA,06,0,0,0,false,US
c66c5fae-f9a0-44bf-8025-ef401fa1cd2f,2021-01-24T21:00:59Z,ECOMMERCE,13,CARD_ON_FILE,99.99,3433.57,CA,06,0,0,0,false,US
d9d07a46-ebc7-44c1-bba8-6d40f3e380f6,2021-01-23T22:15:38Z,ECOMMERCE,13,CARD_ON_FILE,99.99,4563.66,CA,06,0,0,0,false,US
c66c5fae-f9a0-44bf-8025-ef401fa1cd2f,2021-01-24T21:00:59Z,ECOMMERCE,13,CARD_ON_FILE,99.99,3433.57,CA,06,0,0,0,false,US
d9d07a46-ebc7-44c1-bba8-6d40f3e380f6,2021-01-23T22:15:38Z,ECOMMERCE,13,CARD_ON_FILE,99.99,4563.66,CA,06,0,0,0,false,US
c66c5fae-f9a0-44bf-8025-ef401fa1cd2f,2021-01-24T21:00:59Z,ECOMMERCE,13,CARD_ON_FILE,99.99,3433.57,CA,06,0,0,0,false,US
d9d07a46-ebc7-44c1-bba8-6d40f3e380f6,2021-01-23T22:15:38Z,ECOMMERCE,13,CARD_ON_FILE,99.99,4563.66,CA,06,0,0,0,false,US
c66c5fae-f9a0-44bf-8025-ef401fa1cd2f,2021-01-24T21:00:59Z,ECOMMERCE,13,CARD_ON_FILE,99.99,3433.57,CA,06,0,0,0,false,US
d9d07a46-ebc7-44c1-bba8-6d40f3e380f6,2021-01-23T22:15:38Z,ECOMMERCE,13,CARD_ON_FILE,99.99,4563.66,CA,06,0,0,0,false,US
c66c5fae-f9a0-44bf-8025-ef401fa1cd2f,2021-01-24T21:00:59Z,ECOMMERCE,13,CARD_ON_FILE,99.99,3433.57,CA,06,0,0,0,false,US
d9d07a46-ebc7-44c1-bba8-6d40f3e380f6,2021-01-23T22:15:38Z,ECOMMERCE,13,CARD_ON_FILE,99.99,4563.66,CA,06,0,0,0,false,US
c66c5fae-f9a0-44bf-8025-ef401fa1cd2f,2021-01-24T21:00:59Z,ECOMMERCE,13,CARD_ON_FILE,99.99,3433.57,CA,06,0,0,0,false,US
019eaafe-fbcd-4bc2-a9aa-5688e2638886,2021-01-19T16:44:12Z,ECOMMERCE,13,CARD_ON_FILE,99.99,1932.16,CA,06,0,0,0,false,US
019eaafe-fbcd-4bc2-a9aa-5688e2638886,2021-01-19T16:44:12Z,ECOMMERCE,13,CARD_ON_FILE,99.99,1932.16,CA,06,0,0,0,false,US
019eaafe-fbcd-4bc2-a9aa-5688e2638886,2021-01-19T16:44:12Z,ECOMMERCE,13,CARD_ON_FILE,99.99,1932.16,CA,06,0,0,0,false,US
019eaafe-fbcd-4bc2-a9aa-5688e2638886,2021-01-19T16:44:12Z,ECOMMERCE,13,CARD_ON_FILE,99.99,1932.16,CA,06,0,0,0,false,US
019eaafe-fbcd-4bc2-a9aa-5688e2638886,2021-01-19T16:44:12Z,ECOMMERCE,13,CARD_ON_FILE,99.99,1932.16,CA,06,0,0,0,false,US
2c502684-6625-46cc-a001-400759fac8e8,2021-01-16T04:32:10Z,ECOMMERCE,13,CARD_ON_FILE,24.97,3657.77,CA,06,0,0,0,false,US
2c502684-6625-46cc-a001-400759fac8e8,2021-01-16T04:32:10Z,ECOMMERCE,13,CARD_ON_FILE,24.97,3657.77,CA,06,0,0,0,false,US
2c502684-6625-46cc-a001-400759fac8e8,2021-01-16T04:32:10Z,ECOMMERCE,13,CARD_ON_FILE,24.97,3657.77,CA,06,0,0,0,false,US
2c502684-6625-46cc-a001-400759fac8e8,2021-01-16T04:32:10Z,ECOMMERCE,13,CARD_ON_FILE,24.97,3657.77,CA,06,0,0,0,false,US
2c502684-6625-46cc-a001-400759fac8e8,2021-01-16T04:32:10Z,ECOMMERCE,13,CARD_ON_FILE,24.97,3657.77,CA,06,0,0,0,false,US
02f21f34-2166-4d8e-9980-2cfc94ba4163,2021-01-25T19:53:12Z,ECOMMERCE,13,CARD_ON_FILE,99.99,1468.44,CA,06,0,0,0,false,US
02f21f34-2166-4d8e-9980-2cfc94ba4163,2021-01-25T19:53:12Z,ECOMMERCE,13,CARD_ON_FILE,99.99,1468.44,CA,06,0,0,0,false,US
8e014d21-0b3d-4e6d-9ef6-81803ffd8f72,2020-07-12T04:06:41Z,ECOMMERCE,13,MANUAL,27.79,5370.27,GA,13,0,0,1,false,US
80b5f47b-f379-4424-9408-ab1ae74cc4f0,2020-07-12T15:04:19Z,ECOMMERCE,13,MANUAL,25.97,3782.07,GA,13,0,0,1,false,US
e406c947-9efa-4cb6-acd7-f9bb0c7b73d5,2020-07-12T06:48:42Z,ECOMMERCE,13,MANUAL,27.59,4543.44,GA,13,0,0,1,false,US
e7f2b5e4-2543-4aab-afba-f5626f52df21,2020-07-12T23:49:35Z,ECOMMERCE,13,MANUAL,28.5,6292.32,GA,13,0,0,1,false,US
152ba2aa-e551-43ed-a8cd-bfb66faf3a0f,2020-07-10T18:25:59Z,ECOMMERCE,13,MANUAL,27.79,5065.84,GA,13,0,0,1,false,US
b639549f-d6b7-47a3-bb96-5f501ade8247,2020-07-12T06:46:16Z,ECOMMERCE,13,MANUAL,27.27,3914.61,GA,13,0,0,1,false,US
31dca60a-efc6-46e1-94fe-b734f7c9371a,2020-07-12T16:23:02Z,ECOMMERCE,13,MANUAL,27.79,5397.64,GA,13,0,0,1,false,US
c6ffdcfd-2ae5-43b4-97fa-11e28452d697,2020-07-12T06:11:33Z,ECOMMERCE,13,MANUAL,27.53,4188.02,GA,13,0,0,1,false,US
abaf80de-ab32-4f3f-9792-50d7b9192905,2020-07-12T03:09:08Z,ECOMMERCE,13,MANUAL,62.47,6905.88,GA,13,0,0,1,false,US
de5435d0-46de-4a99-88bb-5de08fe83283,2020-07-12T19:13:09Z,ECOMMERCE,13,MANUAL,48.81,6403.79,GA,13,0,0,1,false,US
23b06bc8-9ebd-468c-b9db-97cfc6e61c12,2020-09-19T17:40:50Z,ECOMMERCE,12,MANUAL,99.2,8159.22,IL,17,0,0,0,false,US
f087fbb4-5c69-4ce1-b747-556c85492def,2021-01-04T01:21:13Z,ECOMMERCE,12,CARD_ON_FILE,99.99,4762.58,CA,06,0,0,0,false,US
f087fbb4-5c69-4ce1-b747-556c85492def,2021-01-04T01:21:13Z,ECOMMERCE,12,CARD_ON_FILE,99.99,4762.58,CA,06,0,0,0,false,US
f087fbb4-5c69-4ce1-b747-556c85492def,2021-01-04T01:21:13Z,ECOMMERCE,12,CARD_ON_FILE,99.99,4762.58,CA,06,0,0,0,false,US
f087fbb4-5c69-4ce1-b747-556c85492def,2021-01-04T01:21:13Z,ECOMMERCE,12,CARD_ON_FILE,99.99,4762.58,CA,06,0,0,0,false,US
ec7afb17-bcca-4a2d-afdc-8906ebc0d7e7,2021-01-21T22:54:25Z,ECOMMERCE,12,CARD_ON_FILE,99.99,1732.65,CA,06,0,0,0,false,US
ec7afb17-bcca-4a2d-afdc-8906ebc0d7e7,2021-01-21T22:54:25Z,ECOMMERCE,12,CARD_ON_FILE,99.99,1732.65,CA,06,0,0,0,false,US
ec7afb17-bcca-4a2d-afdc-8906ebc0d7e7,2021-01-21T22:54:25Z,ECOMMERCE,12,CARD_ON_FILE,99.99,1732.65,CA,06,0,0,0,false,US
ec7afb17-bcca-4a2d-afdc-8906ebc0d7e7,2021-01-21T22:54:25Z,ECOMMERCE,12,CARD_ON_FILE,99.99,1732.65,CA,06,0,0,0,false,US
ec7afb17-bcca-4a2d-afdc-8906ebc0d7e7,2021-01-21T22:54:25Z,ECOMMERCE,12,CARD_ON_FILE,99.99,1732.65,CA,06,0,0,0,false,US
d6d4a32b-d0e5-4d24-8f75-545678a49ce2,2021-01-07T21:00:52Z,ECOMMERCE,12,CARD_ON_FILE,104.98,2627.79,CA,06,0,0,0,false,US
187b750c-ea67-4cf1-9626-33a8c995a155,2020-07-12T03:47:34Z,ECOMMERCE,12,MANUAL,27.53,4352.48,GA,13,0,0,1,false,US
aaedd94b-61d9-4129-be31-2142d29d138e,2020-07-12T05:11:45Z,ECOMMERCE,12,MANUAL,27.53,4215.55,GA,13,0,0,1,false,US
320ffea6-233d-4eb1-8470-b0b5b2c84afd,2020-07-12T23:43:17Z,ECOMMERCE,12,MANUAL,27.37,4023.75,GA,13,0,0,1,false,US
459cabdd-27e4-4715-90f0-00f9b8eadcdd,2020-07-12T04:09:01Z,ECOMMERCE,12,MANUAL,26.39,3834.01,GA,13,0,0,1,false,US
f6fdf3b7-e39b-4592-957b-02e91bb79707,2020-07-13T03:26:17Z,ECOMMERCE,12,MANUAL,106.89,7118.82,GA,13,0,0,1,false,US
fb1ed7de-243a-49e8-a6ae-65f99d56103b,2020-07-12T06:18:39Z,ECOMMERCE,12,MANUAL,27.4,4105.92,GA,13,0,0,1,false,US
652e398f-ed71-4057-aef3-4835f1ec1201,2020-07-12T03:45:01Z,ECOMMERCE,12,MANUAL,27.66,4817.11,GA,13,0,0,1,false,US
bece31e1-3da0-4f8a-bc91-6b884aaf18f1,2020-07-12T04:27:03Z,ECOMMERCE,12,MANUAL,59.94,6845.94,GA,13,0,0,1,false,US
fa792a24-4cf1-4b33-aba7-20d09e00b9bc,2020-07-12T06:25:50Z,ECOMMERCE,12,MANUAL,27.59,4625.46,GA,13,0,0,1,false,US
95b666c5-8208-4cd5-af5d-3ad52e74b89f,2020-07-12T06:36:38Z,ECOMMERCE,12,MANUAL,28.11,5842.68,GA,13,0,0,1,false,US
df32f99c-fcd7-48bd-9542-79de0cbbb41b,2020-07-12T06:42:39Z,ECOMMERCE,12,MANUAL,27.69,4844.38,GA,13,0,0,1,false,US
9a65eb6b-bc5e-47de-a16e-5373a27e1fb9,2020-07-12T14:59:05Z,ECOMMERCE,12,MANUAL,49.62,6746.13,GA,13,0,0,1,false,US
e74b51c0-b182-482d-8c1b-4c9b7d8e048d,2020-07-12T04:37:50Z,ECOMMERCE,12,MANUAL,84.99,7033.83,GA,13,0,0,1,false,US
345fada9-fcd5-4156-871f-64002809192b,2020-07-12T05:01:50Z,ECOMMERCE,12,MANUAL,27.89,5508.13,GA,13,0,0,1,false,US
9ce8feef-4468-4de0-be00-265cd62b9b52,2020-07-12T04:05:33Z,ECOMMERCE,12,MANUAL,27.53,4160.49,GA,13,0,0,1,false,US
3eac3a67-bc17-430d-b281-e45b101d8777,2020-07-13T02:47:03Z,ECOMMERCE,12,MANUAL,28.31,6179.85,GA,13,0,0,1,false,US
9b4576fa-d440-4624-b3bc-993585ee0415,2020-07-12T06:22:16Z,ECOMMERCE,12,MANUAL,28.46,6263.86,GA,13,0,0,1,false,US
c7114228-29eb-44dd-8be1-681ad0819873,2020-09-19T16:19:05Z,ECOMMERCE,11,MANUAL,98.98,8258.42,IL,17,0,0,0,false,US
3f0b0121-4e88-4e90-a871-37d513c547a9,2021-02-07T08:40:45Z,MOTO,11,CARD_ON_FILE,178.2,289.16,CA,06,0,0,0,false,US
c99e8cba-c63f-417d-8c53-737a59e93621,2020-03-21T01:08:06Z,ECOMMERCE,11,MANUAL,61.42,1960.19,CA,06,0,0,0,false,US
32bd8ab1-2df0-4d43-abef-152c2d8791f7,2020-07-12T03:48:40Z,ECOMMERCE,11,MANUAL,27.53,4379.65,GA,13,0,0,1,false,US
ab8e6c8e-939a-4625-a72c-3dddd0121908,2020-07-10T13:11:38Z,ECOMMERCE,11,MANUAL,49.39,6696.74,GA,13,0,0,1,false,US
18db80e6-ae99-46e5-87d9-4a5caf47e13f,2020-07-12T14:52:17Z,ECOMMERCE,11,MANUAL,28.44,6235.99,GA,13,0,0,1,false,US
5dc1609d-0952-4ee9-a49f-c80711d53da0,2020-07-12T06:27:01Z,ECOMMERCE,11,MANUAL,27.72,4927.45,GA,13,0,0,1,false,US
f1e548c8-0193-4d56-a55c-eb477d5f54c2,2020-07-12T06:37:50Z,ECOMMERCE,11,MANUAL,27.69,4899.76,GA,13,0,0,1,false,US
e91edf30-ae82-45b3-a586-3b9789e8b6e9,2020-07-13T04:24:28Z,ECOMMERCE,11,MANUAL,27.85,5452.83,GA,13,0,0,1,false,US
ac7b307a-0273-4968-bbdf-1a851891243c,2020-07-13T04:15:55Z,ECOMMERCE,11,MANUAL,27.72,4955.17,GA,13,0,0,1,false,US
1c452238-7440-4dcc-b91c-08b812b3dbf2,2020-07-12T05:05:34Z,ECOMMERCE,11,MANUAL,27.4,4051.12,GA,13,0,0,1,false,US
d95053ed-22d7-4d8d-9e98-2f0e82b86d65,2020-07-12T06:23:34Z,ECOMMERCE,11,MANUAL,28.14,5982.74,GA,13,0,0,1,false,US
b7d86f6a-0b2d-43f4-80c2-dcc7fab74eab,2020-07-12T06:57:06Z,ECOMMERCE,11,MANUAL,27.3,3996.45,GA,13,0,0,1,false,US
842049c0-8664-4e2a-a857-316402ef94cd,2020-07-10T18:33:58Z,ECOMMERCE,11,MANUAL,28.05,5758.79,GA,13,0,0,1,false,US
0896ae69-5d46-42a9-939c-17b87ce6c489,2020-07-13T04:14:39Z,ECOMMERCE,11,MANUAL,27.69,4872.07,GA,13,0,0,1,false,US
6ffed14f-f048-4b56-815d-8ba81b35298e,2020-07-12T06:09:01Z,ECOMMERCE,11,MANUAL,27.79,5342.48,GA,13,0,0,1,false,US
c3f78a28-13f3-4ea4-8316-540243516603,2020-07-12T03:46:16Z,ECOMMERCE,11,MANUAL,27.3,3969.15,GA,13,0,0,1,false,US
a4ba2e5c-69db-4ee5-925c-0b6574d77a14,2021-01-10T18:04:00Z,ECOMMERCE,10,CARD_ON_FILE,12.99,3784.68,CA,06,0,0,0,false,US
a4ba2e5c-69db-4ee5-925c-0b6574d77a14,2021-01-10T18:04:00Z,ECOMMERCE,10,CARD_ON_FILE,12.99,3784.68,CA,06,0,0,0,false,US
a4ba2e5c-69db-4ee5-925c-0b6574d77a14,2021-01-10T18:04:00Z,ECOMMERCE,10,CARD_ON_FILE,12.99,3784.68,CA,06,0,0,0,false,US
25f4b09f-1c97-49a5-8714-c056385e2917,2020-12-04T17:41:51Z,MOTO,10,MANUAL,43.43,4711.13,NC,37,0,0,0,false,US
e6cb48e7-5ffb-4d74-9d81-0a94dced4af9,2021-01-07T08:36:26Z,MOTO,10,CARD_ON_FILE,178.2,272.49,CA,06,0,0,0,false,US
55f5802c-0884-4dd9-a418-de6c67099a6f,2020-07-13T04:12:17Z,ECOMMERCE,10,MANUAL,27.27,3941.88,GA,13,0,0,1,false,US
c9b4744e-c061-4537-9a93-e89258bd9b54,2020-07-10T18:37:03Z,ECOMMERCE,10,MANUAL,27.4,4078.52,GA,13,0,0,1,false,US
7adca23f-4763-4748-8fb0-7d917a80f75a,2020-07-12T05:42:39Z,ECOMMERCE,10,MANUAL,27.53,4433.99,GA,13,0,0,1,false,US
f9d1bcae-9cac-4fe8-bcf8-51e362845c75,2020-07-10T18:38:27Z,ECOMMERCE,10,MANUAL,28.21,6010.38,GA,13,0,0,1,false,US
088c9b39-11e0-4635-9a07-4ad3c053fbc5,2020-07-12T05:51:01Z,ECOMMERCE,10,MANUAL,27.53,4269.89,GA,13,0,0,1,false,US
13799ca8-d264-48f8-984e-94bbf0c953bf,2020-07-12T14:56:26Z,ECOMMERCE,10,MANUAL,27.79,5121.0,GA,13,0,0,1,false,US
294e84b3-3c2b-4344-b03e-766b70aae263,2020-07-13T02:52:17Z,ECOMMERCE,10,MANUAL,27.89,5480.25,GA,13,0,0,1,false,US
ef1dc496-a8ed-4c67-90ff-cbf1d311a1c6,2020-07-12T05:39:01Z,ECOMMERCE,10,MANUAL,27.5,4132.99,GA,13,0,0,1,false,US
12756ded-aa73-4f94-9e21-cf8fd4a964a3,2020-07-13T04:23:01Z,ECOMMERCE,10,MANUAL,27.79,5093.21,GA,13,0,0,1,false,US
27dd46ac-35b9-4962-af1b-e1e78f8fa2b7,2020-07-10T18:43:37Z,ECOMMERCE,10,MANUAL,27.79,5176.16,GA,13,0,0,1,false,US
ad22e9ec-0987-4d5a-a9be-e4183f5de832,2020-07-13T03:20:20Z,ECOMMERCE,10,MANUAL,28.27,6123.31,GA,13,0,0,1,false,US
0d103e6f-cf3b-45f3-89de-c82c40b6f333,2020-07-13T02:42:25Z,ECOMMERCE,10,MANUAL,27.59,4762.3,GA,13,0,0,1,false,US
10f755eb-e4c4-41f7-86a1-e3ac0cd9fd18,2020-07-10T18:46:25Z,ECOMMERCE,10,MANUAL,27.59,4789.89,GA,13,0,0,1,false,US
a72f9a84-bdc5-47ab-af1f-16c6f8fda175,2020-07-10T18:32:42Z,ECOMMERCE,10,MANUAL,27.79,4982.89,GA,13,0,0,1,false,US
a9587e93-0165-4bc2-bcd8-b3030386553a,2020-07-10T18:42:16Z,ECOMMERCE,10,MANUAL,27.59,4597.87,GA,13,0,0,1,false,US
c0996858-0c03-49c8-95eb-03c212c663fe,2020-04-19T16:30:01Z,ECOMMERCE,1,MANUAL,42.99,1809.06,WA,53,0,0,0,false,US
c0996858-0c03-49c8-95eb-03c212c663fe,2020-04-19T16:30:01Z,ECOMMERCE,1,MANUAL,42.99,1809.06,WA,53,0,0,0,false,US
c0996858-0c03-49c8-95eb-03c212c663fe,2020-04-19T16:30:01Z,ECOMMERCE,1,MANUAL,42.99,1809.06,WA,53,0,0,0,false,US
c0996858-0c03-49c8-95eb-03c212c663fe,2020-04-19T16:30:01Z,ECOMMERCE,1,MANUAL,42.99,1809.06,WA,53,0,0,0,false,US
353d9f85-f014-4c95-88a1-ea390e450153,2021-01-16T16:42:31Z,ECOMMERCE,1,CARD_ON_FILE,2.99,2658.17,CA,06,0,0,0,false,US
353d9f85-f014-4c95-88a1-ea390e450153,2021-01-16T16:42:31Z,ECOMMERCE,1,CARD_ON_FILE,2.99,2658.17,CA,06,0,0,0,false,US
353d9f85-f014-4c95-88a1-ea390e450153,2021-01-16T16:42:31Z,ECOMMERCE,1,CARD_ON_FILE,2.99,2658.17,CA,06,0,0,0,false,US
353d9f85-f014-4c95-88a1-ea390e450153,2021-01-16T16:42:31Z,ECOMMERCE,1,CARD_ON_FILE,2.99,2658.17,CA,06,0,0,0,false,US
353d9f85-f014-4c95-88a1-ea390e450153,2021-01-16T16:42:31Z,ECOMMERCE,1,CARD_ON_FILE,2.99,2658.17,CA,06,0,0,0,false,US
54d15f07-ed3c-4ac0-aeb8-0b49e1330bc6,,,,,176.4,92.64,AR,,,,,,US
723f80fd-4b9b-415e-ad3c-a1f6dd1f7fb2,,,,,99.0,0.0,UT,,,,,,US
c94b7527-ba36-4a1e-acc2-c38753a18021,,,,,76.18,1351.9,IL,,,,,,US
eccc2d43-a93f-46ce-9d77-cfbef6a70790,,,,,620.85,40.93,UT,,,,,,US